"","rotX","rotY","node"
"1",24.0700000000001,40,1
"2",24.0700000000001,90,2
"3",24.0700000000001,190,3
"4",24.0700000000001,240,4
"5",24.0700000000001,340,5
"6",24.0700000000001,390,6
"7",24.0700000000001,490,7
"8",24.0700000000001,540,8
"9",24.0700000000001,640,9
"10",24.0700000000001,690,10
"11",24.0700000000001,790,11
"12",24.0700000000001,840,12
"13",24.0700000000001,940,13
"14",24.0700000000001,990,14
"15",24.0700000000001,1090,15
"16",24.0700000000001,1140,16
"17",24.0700000000001,1240,17
"18",24.0700000000001,1290,18
"19",24.0700000000001,1390,19
"20",24.0700000000001,1440,20
"21",24.0700000000001,1540,21
"22",24.0700000000001,1590,22
"23",24.0700000000001,1690,23
"24",24.0700000000001,1740,24
"25",24.0700000000001,1840,25
"26",24.0700000000001,1890,26
"27",67.37,15,27
"28",67.37,115,28
"29",67.37,165,29
"30",67.37,265,30
"31",67.37,315,31
"32",67.37,415,32
"33",67.37,465,33
"34",67.37,565,34
"35",67.37,615,35
"36",67.37,715,36
"37",67.37,765,37
"38",67.37,865,38
"39",67.37,915,39
"40",67.37,1015,40
"41",67.37,1065,41
"42",67.37,1165,42
"43",67.37,1215,43
"44",67.37,1315,44
"45",67.37,1365,45
"46",67.37,1465,46
"47",67.37,1515,47
"48",67.37,1615,48
"49",67.37,1665,49
"50",67.37,1765,50
"51",67.37,1815,51
"52",67.37,1915,52
"53",67.37,1965,53
"54",110.67,40,54
"55",110.67,90,55
"56",110.67,190,56
"57",110.67,240,57
"58",110.67,340,58
"59",110.67,390,59
"60",110.67,490,60
"61",110.67,540,61
"62",110.67,640,62
"63",110.67,690,63
"64",110.67,790,64
"65",110.67,840,65
"66",110.67,940,66
"67",110.67,990,67
"68",110.67,1090,68
"69",110.67,1140,69
"70",110.67,1240,70
"71",110.67,1290,71
"72",110.67,1390,72
"73",110.67,1440,73
"74",110.67,1540,74
"75",110.67,1590,75
"76",110.67,1690,76
"77",110.67,1740,77
"78",110.67,1840,78
"79",110.67,1890,79
"80",110.67,1990,80
"81",153.97,15,81
"82",153.97,115,82
"83",153.97,165,83
"84",153.97,265,84
"85",153.97,315,85
"86",153.97,415,86
"87",153.97,465,87
"88",153.97,565,88
"89",153.97,615,89
"90",153.97,715,90
"91",153.97,765,91
"92",153.97,865,92
"93",153.97,915,93
"94",153.97,1015,94
"95",153.97,1065,95
"96",153.97,1165,96
"97",153.97,1215,97
"98",153.97,1315,98
"99",153.97,1365,99
"100",153.97,1465,100
"101",153.97,1515,101
"102",153.97,1615,102
"103",153.97,1665,103
"104",153.97,1765,104
"105",153.97,1815,105
"106",153.97,1915,106
"107",153.97,1965,107
"108",197.28,40,108
"109",197.28,90,109
"110",197.28,190,110
"111",197.28,240,111
"112",197.28,340,112
"113",197.28,390,113
"114",197.28,490,114
"115",197.28,540,115
"116",197.28,640,116
"117",197.28,690,117
"118",197.28,790,118
"119",197.28,840,119
"120",197.28,940,120
"121",197.28,990,121
"122",197.28,1090,122
"123",197.28,1140,123
"124",197.28,1240,124
"125",197.28,1290,125
"126",197.28,1390,126
"127",197.28,1440,127
"128",197.28,1540,128
"129",197.28,1590,129
"130",197.28,1690,130
"131",197.28,1740,131
"132",197.28,1840,132
"133",197.28,1890,133
"134",197.28,1990,134
"135",240.58,15,135
"136",240.58,115,136
"137",240.58,165,137
"138",240.58,265,138
"139",240.58,315,139
"140",240.58,415,140
"141",240.58,465,141
"142",240.58,565,142
"143",240.58,615,143
"144",240.58,715,144
"145",240.58,765,145
"146",240.58,865,146
"147",240.58,915,147
"148",240.58,1015,148
"149",240.58,1065,149
"150",240.58,1165,150
"151",240.58,1215,151
"152",240.58,1315,152
"153",240.58,1365,153
"154",240.58,1465,154
"155",240.58,1515,155
"156",240.58,1615,156
"157",240.58,1665,157
"158",240.58,1765,158
"159",240.58,1815,159
"160",240.58,1915,160
"161",240.58,1965,161
"162",283.88,40,162
"163",283.88,90,163
"164",283.88,190,164
"165",283.88,240,165
"166",283.88,340,166
"167",283.88,390,167
"168",283.88,490,168
"169",283.88,540,169
"170",283.88,640,170
"171",283.88,690,171
"172",283.88,790,172
"173",283.88,840,173
"174",283.88,940,174
"175",283.88,990,175
"176",283.88,1090,176
"177",283.88,1140,177
"178",283.88,1240,178
"179",283.88,1290,179
"180",283.88,1390,180
"181",283.88,1440,181
"182",283.88,1540,182
"183",283.88,1590,183
"184",283.88,1690,184
"185",283.88,1740,185
"186",283.88,1840,186
"187",283.88,1890,187
"188",283.88,1990,188
"189",327.18,15,189
"190",327.18,115,190
"191",327.18,165,191
"192",327.18,265,192
"193",327.18,315,193
"194",327.18,415,194
"195",327.18,465,195
"196",327.18,565,196
"197",327.18,615,197
"198",327.18,715,198
"199",327.18,765,199
"200",327.18,865,200
"201",327.18,915,201
"202",327.18,1015,202
"203",327.18,1065,203
"204",327.18,1165,204
"205",327.18,1215,205
"206",327.18,1315,206
"207",327.18,1365,207
"208",327.18,1465,208
"209",327.18,1515,209
"210",327.18,1615,210
"211",327.18,1665,211
"212",327.18,1765,212
"213",327.18,1815,213
"214",327.18,1915,214
"215",327.18,1965,215
"216",370.48,40,216
"217",370.48,90,217
"218",370.48,190,218
"219",370.48,240,219
"220",370.48,340,220
"221",370.48,390,221
"222",370.48,490,222
"223",370.48,540,223
"224",370.48,640,224
"225",370.48,690,225
"226",370.48,790,226
"227",370.48,840,227
"228",370.48,940,228
"229",370.48,990,229
"230",370.48,1090,230
"231",370.48,1140,231
"232",370.48,1240,232
"233",370.48,1290,233
"234",370.48,1390,234
"235",370.48,1440,235
"236",370.48,1540,236
"237",370.48,1590,237
"238",370.48,1690,238
"239",370.48,1740,239
"240",370.48,1840,240
"241",370.48,1890,241
"242",370.48,1990,242
"243",413.78,15,243
"244",413.78,115,244
"245",413.78,165,245
"246",413.78,265,246
"247",413.78,315,247
"248",413.78,415,248
"249",413.78,465,249
"250",413.78,565,250
"251",413.78,615,251
"252",413.78,715,252
"253",413.78,765,253
"254",413.78,865,254
"255",413.78,915,255
"256",413.78,1015,256
"257",413.78,1065,257
"258",413.78,1165,258
"259",413.78,1215,259
"260",413.78,1315,260
"261",413.78,1365,261
"262",413.78,1465,262
"263",413.78,1515,263
"264",413.78,1615,264
"265",413.78,1665,265
"266",413.78,1765,266
"267",413.78,1815,267
"268",413.78,1915,268
"269",413.78,1965,269
"270",457.08,40,270
"271",457.08,90,271
"272",457.08,190,272
"273",457.08,240,273
"274",457.08,340,274
"275",457.08,390,275
"276",457.08,490,276
"277",457.08,540,277
"278",457.08,640,278
"279",457.08,690,279
"280",457.08,790,280
"281",457.08,840,281
"282",457.08,940,282
"283",457.08,990,283
"284",457.08,1090,284
"285",457.08,1140,285
"286",457.08,1240,286
"287",457.08,1290,287
"288",457.08,1390,288
"289",457.08,1440,289
"290",457.08,1540,290
"291",457.08,1590,291
"292",457.08,1690,292
"293",457.08,1740,293
"294",457.08,1840,294
"295",457.08,1890,295
"296",457.08,1990,296
"297",500.38,15,297
"298",500.38,115,298
"299",500.38,165,299
"300",500.38,265,300
"301",500.38,315,301
"302",500.38,415,302
"303",500.38,465,303
"304",500.38,565,304
"305",500.38,615,305
"306",500.38,715,306
"307",500.38,765,307
"308",500.38,865,308
"309",500.38,915,309
"310",500.38,1015,310
"311",500.38,1065,311
"312",500.38,1165,312
"313",500.38,1215,313
"314",500.38,1315,314
"315",500.38,1365,315
"316",500.38,1465,316
"317",500.38,1515,317
"318",500.38,1615,318
"319",500.38,1665,319
"320",500.38,1765,320
"321",500.38,1815,321
"322",500.38,1915,322
"323",500.38,1965,323
"324",543.69,40,324
"325",543.69,90,325
"326",543.69,190,326
"327",543.69,240,327
"328",543.69,340,328
"329",543.69,390,329
"330",543.69,490,330
"331",543.69,540,331
"332",543.69,640,332
"333",543.69,690,333
"334",543.69,790,334
"335",543.69,840,335
"336",543.69,940,336
"337",543.69,990,337
"338",543.69,1090,338
"339",543.69,1140,339
"340",543.69,1240,340
"341",543.69,1290,341
"342",543.69,1390,342
"343",543.69,1440,343
"344",543.69,1540,344
"345",543.69,1590,345
"346",543.69,1690,346
"347",543.69,1740,347
"348",543.69,1840,348
"349",543.69,1890,349
"350",543.69,1990,350
"351",586.99,15,351
"352",586.99,115,352
"353",586.99,165,353
"354",586.99,265,354
"355",586.99,315,355
"356",586.99,415,356
"357",586.99,465,357
"358",586.99,565,358
"359",586.99,615,359
"360",586.99,715,360
"361",586.99,765,361
"362",586.99,865,362
"363",586.99,915,363
"364",586.99,1015,364
"365",586.99,1065,365
"366",586.99,1165,366
"367",586.99,1215,367
"368",586.99,1315,368
"369",586.99,1365,369
"370",586.99,1465,370
"371",586.99,1515,371
"372",586.99,1615,372
"373",586.99,1665,373
"374",586.99,1765,374
"375",586.99,1815,375
"376",586.99,1915,376
"377",586.99,1965,377
"378",630.29,40,378
"379",630.29,90,379
"380",630.29,190,380
"381",630.29,240,381
"382",630.29,340,382
"383",630.29,390,383
"384",630.29,490,384
"385",630.29,540,385
"386",630.29,640,386
"387",630.29,690,387
"388",630.29,790,388
"389",630.29,840,389
"390",630.29,940,390
"391",630.29,990,391
"392",630.29,1090,392
"393",630.29,1140,393
"394",630.29,1240,394
"395",630.29,1290,395
"396",630.29,1390,396
"397",630.29,1440,397
"398",630.29,1540,398
"399",630.29,1590,399
"400",630.29,1690,400
"401",630.29,1740,401
"402",630.29,1840,402
"403",630.29,1890,403
"404",630.29,1990,404
"405",673.59,15,405
"406",673.59,115,406
"407",673.59,165,407
"408",673.59,265,408
"409",673.59,315,409
"410",673.59,415,410
"411",673.59,465,411
"412",673.59,565,412
"413",673.59,615,413
"414",673.59,715,414
"415",673.59,765,415
"416",673.59,865,416
"417",673.59,915,417
"418",673.59,1015,418
"419",673.59,1065,419
"420",673.59,1165,420
"421",673.59,1215,421
"422",673.59,1315,422
"423",673.59,1365,423
"424",673.59,1465,424
"425",673.59,1515,425
"426",673.59,1615,426
"427",673.59,1665,427
"428",673.59,1765,428
"429",673.59,1815,429
"430",673.59,1915,430
"431",673.59,1965,431
"432",716.89,40,432
"433",716.89,90,433
"434",716.89,190,434
"435",716.89,240,435
"436",716.89,340,436
"437",716.89,390,437
"438",716.89,490,438
"439",716.89,540,439
"440",716.89,640,440
"441",716.89,690,441
"442",716.89,790,442
"443",716.89,840,443
"444",716.89,940,444
"445",716.89,990,445
"446",716.89,1090,446
"447",716.89,1140,447
"448",716.89,1240,448
"449",716.89,1290,449
"450",716.89,1390,450
"451",716.89,1440,451
"452",716.89,1540,452
"453",716.89,1590,453
"454",716.89,1690,454
"455",716.89,1740,455
"456",716.89,1840,456
"457",716.89,1890,457
"458",716.89,1990,458
"459",760.19,15,459
"460",760.19,115,460
"461",760.19,165,461
"462",760.19,265,462
"463",760.19,315,463
"464",760.19,415,464
"465",760.19,465,465
"466",760.19,565,466
"467",760.19,615,467
"468",760.19,715,468
"469",760.19,765,469
"470",760.19,865,470
"471",760.19,915,471
"472",760.19,1015,472
"473",760.19,1065,473
"474",760.19,1165,474
"475",760.19,1215,475
"476",760.19,1315,476
"477",760.19,1365,477
"478",760.19,1465,478
"479",760.19,1515,479
"480",760.19,1615,480
"481",760.19,1665,481
"482",760.19,1765,482
"483",760.19,1815,483
"484",760.19,1915,484
"485",760.19,1965,485
"486",803.49,40,486
"487",803.49,90,487
"488",803.49,190,488
"489",803.49,240,489
"490",803.49,340,490
"491",803.49,390,491
"492",803.49,490,492
"493",803.49,540,493
"494",803.49,640,494
"495",803.49,690,495
"496",803.49,790,496
"497",803.49,840,497
"498",803.49,940,498
"499",803.49,990,499
"500",803.49,1090,500
"501",803.49,1140,501
"502",803.49,1240,502
"503",803.49,1290,503
"504",803.49,1390,504
"505",803.49,1440,505
"506",803.49,1540,506
"507",803.49,1590,507
"508",803.49,1690,508
"509",803.49,1740,509
"510",803.49,1840,510
"511",803.49,1890,511
"512",803.49,1990,512
"513",846.79,15,513
"514",846.79,115,514
"515",846.79,165,515
"516",846.79,265,516
"517",846.79,315,517
"518",846.79,415,518
"519",846.79,465,519
"520",846.79,565,520
"521",846.79,615,521
"522",846.79,715,522
"523",846.79,765,523
"524",846.79,865,524
"525",846.79,915,525
"526",846.79,1015,526
"527",846.79,1065,527
"528",846.79,1165,528
"529",846.79,1215,529
"530",846.79,1315,530
"531",846.79,1365,531
"532",846.79,1465,532
"533",846.79,1515,533
"534",846.79,1615,534
"535",846.79,1665,535
"536",846.79,1765,536
"537",846.79,1815,537
"538",846.79,1915,538
"539",846.79,1965,539
"540",890.1,40,540
"541",890.1,90,541
"542",890.1,190,542
"543",890.1,240,543
"544",890.1,340,544
"545",890.1,390,545
"546",890.1,490,546
"547",890.1,540,547
"548",890.1,640,548
"549",890.1,690,549
"550",890.1,790,550
"551",890.1,840,551
"552",890.1,940,552
"553",890.1,990,553
"554",890.1,1090,554
"555",890.1,1140,555
"556",890.1,1240,556
"557",890.1,1290,557
"558",890.1,1390,558
"559",890.1,1440,559
"560",890.1,1540,560
"561",890.1,1590,561
"562",890.1,1690,562
"563",890.1,1740,563
"564",890.1,1840,564
"565",890.1,1890,565
"566",890.1,1990,566
"567",933.4,15,567
"568",933.4,115,568
"569",933.4,165,569
"570",933.4,265,570
"571",933.4,315,571
"572",933.4,415,572
"573",933.4,465,573
"574",933.4,565,574
"575",933.4,615,575
"576",933.4,715,576
"577",933.4,765,577
"578",933.4,865,578
"579",933.4,915,579
"580",933.4,1015,580
"581",933.4,1065,581
"582",933.4,1165,582
"583",933.4,1215,583
"584",933.4,1315,584
"585",933.4,1365,585
"586",933.4,1465,586
"587",933.4,1515,587
"588",933.4,1615,588
"589",933.4,1665,589
"590",933.4,1765,590
"591",933.4,1815,591
"592",933.4,1915,592
"593",933.4,1965,593
"594",976.7,40,594
"595",976.7,90,595
"596",976.7,190,596
"597",976.7,240,597
"598",976.7,340,598
"599",976.7,390,599
"600",976.7,490,600
"601",976.7,540,601
"602",976.7,640,602
"603",976.7,690,603
"604",976.7,790,604
"605",976.7,840,605
"606",976.7,940,606
"607",976.7,990,607
"608",976.7,1090,608
"609",976.7,1140,609
"610",976.7,1240,610
"611",976.7,1290,611
"612",976.7,1390,612
"613",976.7,1440,613
"614",976.7,1540,614
"615",976.7,1590,615
"616",976.7,1690,616
"617",976.7,1740,617
"618",976.7,1840,618
"619",976.7,1890,619
"620",976.7,1990,620
"621",1020,15,621
"622",1020,115,622
"623",1020,165,623
"624",1020,265,624
"625",1020,315,625
"626",1020,415,626
"627",1020,465,627
"628",1020,565,628
"629",1020,615,629
"630",1020,715,630
"631",1020,765,631
"632",1020,865,632
"633",1020,915,633
"634",1020,1015,634
"635",1020,1065,635
"636",1020,1165,636
"637",1020,1215,637
"638",1020,1315,638
"639",1020,1365,639
"640",1020,1465,640
"641",1020,1515,641
"642",1020,1615,642
"643",1020,1665,643
"644",1020,1765,644
"645",1020,1815,645
"646",1020,1915,646
"647",1020,1965,647
"648",1063.3,40,648
"649",1063.3,90,649
"650",1063.3,190,650
"651",1063.3,240,651
"652",1063.3,340,652
"653",1063.3,390,653
"654",1063.3,490,654
"655",1063.3,540,655
"656",1063.3,640,656
"657",1063.3,690,657
"658",1063.3,790,658
"659",1063.3,840,659
"660",1063.3,940,660
"661",1063.3,990,661
"662",1063.3,1090,662
"663",1063.3,1140,663
"664",1063.3,1240,664
"665",1063.3,1290,665
"666",1063.3,1390,666
"667",1063.3,1440,667
"668",1063.3,1540,668
"669",1063.3,1590,669
"670",1063.3,1690,670
"671",1063.3,1740,671
"672",1063.3,1840,672
"673",1063.3,1890,673
"674",1063.3,1990,674
"675",1106.6,15,675
"676",1106.6,115,676
"677",1106.6,165,677
"678",1106.6,265,678
"679",1106.6,315,679
"680",1106.6,415,680
"681",1106.6,465,681
"682",1106.6,565,682
"683",1106.6,615,683
"684",1106.6,715,684
"685",1106.6,765,685
"686",1106.6,865,686
"687",1106.6,915,687
"688",1106.6,1015,688
"689",1106.6,1065,689
"690",1106.6,1165,690
"691",1106.6,1215,691
"692",1106.6,1315,692
"693",1106.6,1365,693
"694",1106.6,1465,694
"695",1106.6,1515,695
"696",1106.6,1615,696
"697",1106.6,1665,697
"698",1106.6,1765,698
"699",1106.6,1815,699
"700",1106.6,1915,700
"701",1106.6,1965,701
"702",1149.9,40,702
"703",1149.9,90,703
"704",1149.9,190,704
"705",1149.9,240,705
"706",1149.9,340,706
"707",1149.9,390,707
"708",1149.9,490,708
"709",1149.9,540,709
"710",1149.9,640,710
"711",1149.9,690,711
"712",1149.9,790,712
"713",1149.9,840,713
"714",1149.9,940,714
"715",1149.9,990,715
"716",1149.9,1090,716
"717",1149.9,1140,717
"718",1149.9,1240,718
"719",1149.9,1290,719
"720",1149.9,1390,720
"721",1149.9,1440,721
"722",1149.9,1540,722
"723",1149.9,1590,723
"724",1149.9,1690,724
"725",1149.9,1740,725
"726",1149.9,1840,726
"727",1149.9,1890,727
"728",1149.9,1990,728
"729",1193.21,15,729
"730",1193.21,115,730
"731",1193.21,165,731
"732",1193.21,265,732
"733",1193.21,315,733
"734",1193.21,415,734
"735",1193.21,465,735
"736",1193.21,565,736
"737",1193.21,615,737
"738",1193.21,715,738
"739",1193.21,765,739
"740",1193.21,865,740
"741",1193.21,915,741
"742",1193.21,1015,742
"743",1193.21,1065,743
"744",1193.21,1165,744
"745",1193.21,1215,745
"746",1193.21,1315,746
"747",1193.21,1365,747
"748",1193.21,1465,748
"749",1193.21,1515,749
"750",1193.21,1615,750
"751",1193.21,1665,751
"752",1193.21,1765,752
"753",1193.21,1815,753
"754",1193.21,1915,754
"755",1193.21,1965,755
"756",1236.51,40,756
"757",1236.51,90,757
"758",1236.51,190,758
"759",1236.51,240,759
"760",1236.51,340,760
"761",1236.51,390,761
"762",1236.51,490,762
"763",1236.51,540,763
"764",1236.51,640,764
"765",1236.51,690,765
"766",1236.51,790,766
"767",1236.51,840,767
"768",1236.51,940,768
"769",1236.51,990,769
"770",1236.51,1090,770
"771",1236.51,1140,771
"772",1236.51,1240,772
"773",1236.51,1290,773
"774",1236.51,1390,774
"775",1236.51,1440,775
"776",1236.51,1540,776
"777",1236.51,1590,777
"778",1236.51,1690,778
"779",1236.51,1740,779
"780",1236.51,1840,780
"781",1236.51,1890,781
"782",1236.51,1990,782
"783",1279.81,15,783
"784",1279.81,115,784
"785",1279.81,165,785
"786",1279.81,265,786
"787",1279.81,315,787
"788",1279.81,415,788
"789",1279.81,465,789
"790",1279.81,565,790
"791",1279.81,615,791
"792",1279.81,715,792
"793",1279.81,765,793
"794",1279.81,865,794
"795",1279.81,915,795
"796",1279.81,1015,796
"797",1279.81,1065,797
"798",1279.81,1165,798
"799",1279.81,1215,799
"800",1279.81,1315,800
"801",1279.81,1365,801
"802",1279.81,1465,802
"803",1279.81,1515,803
"804",1279.81,1615,804
"805",1279.81,1665,805
"806",1279.81,1765,806
"807",1279.81,1815,807
"808",1279.81,1915,808
"809",1279.81,1965,809
"810",1323.11,40,810
"811",1323.11,90,811
"812",1323.11,190,812
"813",1323.11,240,813
"814",1323.11,340,814
"815",1323.11,390,815
"816",1323.11,490,816
"817",1323.11,540,817
"818",1323.11,640,818
"819",1323.11,690,819
"820",1323.11,790,820
"821",1323.11,840,821
"822",1323.11,940,822
"823",1323.11,990,823
"824",1323.11,1090,824
"825",1323.11,1140,825
"826",1323.11,1240,826
"827",1323.11,1290,827
"828",1323.11,1390,828
"829",1323.11,1440,829
"830",1323.11,1540,830
"831",1323.11,1590,831
"832",1323.11,1690,832
"833",1323.11,1740,833
"834",1323.11,1840,834
"835",1323.11,1890,835
"836",1323.11,1990,836
"837",1366.41,15,837
"838",1366.41,115,838
"839",1366.41,165,839
"840",1366.41,265,840
"841",1366.41,315,841
"842",1366.41,415,842
"843",1366.41,465,843
"844",1366.41,565,844
"845",1366.41,615,845
"846",1366.41,715,846
"847",1366.41,765,847
"848",1366.41,865,848
"849",1366.41,915,849
"850",1366.41,1015,850
"851",1366.41,1065,851
"852",1366.41,1165,852
"853",1366.41,1215,853
"854",1366.41,1315,854
"855",1366.41,1365,855
"856",1366.41,1465,856
"857",1366.41,1515,857
"858",1366.41,1615,858
"859",1366.41,1665,859
"860",1366.41,1765,860
"861",1366.41,1815,861
"862",1366.41,1915,862
"863",1366.41,1965,863
"864",1409.71,40,864
"865",1409.71,90,865
"866",1409.71,190,866
"867",1409.71,240,867
"868",1409.71,340,868
"869",1409.71,390,869
"870",1409.71,490,870
"871",1409.71,540,871
"872",1409.71,640,872
"873",1409.71,690,873
"874",1409.71,790,874
"875",1409.71,840,875
"876",1409.71,940,876
"877",1409.71,990,877
"878",1409.71,1090,878
"879",1409.71,1140,879
"880",1409.71,1240,880
"881",1409.71,1290,881
"882",1409.71,1390,882
"883",1409.71,1440,883
"884",1409.71,1540,884
"885",1409.71,1590,885
"886",1409.71,1690,886
"887",1409.71,1740,887
"888",1409.71,1840,888
"889",1409.71,1890,889
"890",1409.71,1990,890
"891",1453.01,15,891
"892",1453.01,115,892
"893",1453.01,165,893
"894",1453.01,265,894
"895",1453.01,315,895
"896",1453.01,415,896
"897",1453.01,465,897
"898",1453.01,565,898
"899",1453.01,615,899
"900",1453.01,715,900
"901",1453.01,765,901
"902",1453.01,865,902
"903",1453.01,915,903
"904",1453.01,1015,904
"905",1453.01,1065,905
"906",1453.01,1165,906
"907",1453.01,1215,907
"908",1453.01,1315,908
"909",1453.01,1365,909
"910",1453.01,1465,910
"911",1453.01,1515,911
"912",1453.01,1615,912
"913",1453.01,1665,913
"914",1453.01,1765,914
"915",1453.01,1815,915
"916",1453.01,1915,916
"917",1453.01,1965,917
"918",1496.31,40,918
"919",1496.31,90,919
"920",1496.31,190,920
"921",1496.31,240,921
"922",1496.31,340,922
"923",1496.31,390,923
"924",1496.31,490,924
"925",1496.31,540,925
"926",1496.31,640,926
"927",1496.31,690,927
"928",1496.31,790,928
"929",1496.31,840,929
"930",1496.31,940,930
"931",1496.31,990,931
"932",1496.31,1090,932
"933",1496.31,1140,933
"934",1496.31,1240,934
"935",1496.31,1290,935
"936",1496.31,1390,936
"937",1496.31,1440,937
"938",1496.31,1540,938
"939",1496.31,1590,939
"940",1496.31,1690,940
"941",1496.31,1740,941
"942",1496.31,1840,942
"943",1496.31,1890,943
"944",1496.31,1990,944
"945",1539.62,15,945
"946",1539.62,115,946
"947",1539.62,165,947
"948",1539.62,265,948
"949",1539.62,315,949
"950",1539.62,415,950
"951",1539.62,465,951
"952",1539.62,565,952
"953",1539.62,615,953
"954",1539.62,715,954
"955",1539.62,765,955
"956",1539.62,865,956
"957",1539.62,915,957
"958",1539.62,1015,958
"959",1539.62,1065,959
"960",1539.62,1165,960
"961",1539.62,1215,961
"962",1539.62,1315,962
"963",1539.62,1365,963
"964",1539.62,1465,964
"965",1539.62,1515,965
"966",1539.62,1615,966
"967",1539.62,1665,967
"968",1539.62,1765,968
"969",1539.62,1815,969
"970",1539.62,1915,970
"971",1539.62,1965,971
"972",1582.92,40,972
"973",1582.92,90,973
"974",1582.92,190,974
"975",1582.92,240,975
"976",1582.92,340,976
"977",1582.92,390,977
"978",1582.92,490,978
"979",1582.92,540,979
"980",1582.92,640,980
"981",1582.92,690,981
"982",1582.92,790,982
"983",1582.92,840,983
"984",1582.92,940,984
"985",1582.92,990,985
"986",1582.92,1090,986
"987",1582.92,1140,987
"988",1582.92,1240,988
"989",1582.92,1290,989
"990",1582.92,1390,990
"991",1582.92,1440,991
"992",1582.92,1540,992
"993",1582.92,1590,993
"994",1582.92,1690,994
"995",1582.92,1740,995
"996",1582.92,1840,996
"997",1582.92,1890,997
"998",1582.92,1990,998
"999",1626.22,15,999
"1000",1626.22,115,1000
"1001",1626.22,165,1001
"1002",1626.22,265,1002
"1003",1626.22,315,1003
"1004",1626.22,415,1004
"1005",1626.22,465,1005
"1006",1626.22,565,1006
"1007",1626.22,615,1007
"1008",1626.22,715,1008
"1009",1626.22,765,1009
"1010",1626.22,865,1010
"1011",1626.22,915,1011
"1012",1626.22,1015,1012
"1013",1626.22,1065,1013
"1014",1626.22,1165,1014
"1015",1626.22,1215,1015
"1016",1626.22,1315,1016
"1017",1626.22,1365,1017
"1018",1626.22,1465,1018
"1019",1626.22,1515,1019
"1020",1626.22,1615,1020
"1021",1626.22,1665,1021
"1022",1626.22,1765,1022
"1023",1626.22,1815,1023
"1024",1626.22,1915,1024
"1025",1626.22,1965,1025
"1026",1669.52,40,1026
"1027",1669.52,90,1027
"1028",1669.52,190,1028
"1029",1669.52,240,1029
"1030",1669.52,340,1030
"1031",1669.52,390,1031
"1032",1669.52,490,1032
"1033",1669.52,540,1033
"1034",1669.52,640,1034
"1035",1669.52,690,1035
"1036",1669.52,790,1036
"1037",1669.52,840,1037
"1038",1669.52,940,1038
"1039",1669.52,990,1039
"1040",1669.52,1090,1040
"1041",1669.52,1140,1041
"1042",1669.52,1240,1042
"1043",1669.52,1290,1043
"1044",1669.52,1390,1044
"1045",1669.52,1440,1045
"1046",1669.52,1540,1046
"1047",1669.52,1590,1047
"1048",1669.52,1690,1048
"1049",1669.52,1740,1049
"1050",1669.52,1840,1050
"1051",1669.52,1890,1051
"1052",1669.52,1990,1052
"1053",1712.82,15,1053
"1054",1712.82,115,1054
"1055",1712.82,165,1055
"1056",1712.82,265,1056
"1057",1712.82,315,1057
"1058",1712.82,415,1058
"1059",1712.82,465,1059
"1060",1712.82,565,1060
"1061",1712.82,615,1061
"1062",1712.82,715,1062
"1063",1712.82,765,1063
"1064",1712.82,865,1064
"1065",1712.82,915,1065
"1066",1712.82,1015,1066
"1067",1712.82,1065,1067
"1068",1712.82,1165,1068
"1069",1712.82,1215,1069
"1070",1712.82,1315,1070
"1071",1712.82,1365,1071
"1072",1712.82,1465,1072
"1073",1712.82,1515,1073
"1074",1712.82,1615,1074
"1075",1712.82,1665,1075
"1076",1712.82,1765,1076
"1077",1712.82,1815,1077
"1078",1712.82,1915,1078
"1079",1712.82,1965,1079
"1080",1756.12,40,1080
"1081",1756.12,90,1081
"1082",1756.12,190,1082
"1083",1756.12,240,1083
"1084",1756.12,340,1084
"1085",1756.12,390,1085
"1086",1756.12,490,1086
"1087",1756.12,540,1087
"1088",1756.12,640,1088
"1089",1756.12,690,1089
"1090",1756.12,790,1090
"1091",1756.12,840,1091
"1092",1756.12,940,1092
"1093",1756.12,990,1093
"1094",1756.12,1090,1094
"1095",1756.12,1140,1095
"1096",1756.12,1240,1096
"1097",1756.12,1290,1097
"1098",1756.12,1390,1098
"1099",1756.12,1440,1099
"1100",1756.12,1540,1100
"1101",1756.12,1590,1101
"1102",1756.12,1690,1102
"1103",1756.12,1740,1103
"1104",1756.12,1840,1104
"1105",1756.12,1890,1105
"1106",1756.12,1990,1106
"1107",1799.42,15,1107
"1108",1799.42,115,1108
"1109",1799.42,165,1109
"1110",1799.42,265,1110
"1111",1799.42,315,1111
"1112",1799.42,415,1112
"1113",1799.42,465,1113
"1114",1799.42,565,1114
"1115",1799.42,615,1115
"1116",1799.42,715,1116
"1117",1799.42,765,1117
"1118",1799.42,865,1118
"1119",1799.42,915,1119
"1120",1799.42,1015,1120
"1121",1799.42,1065,1121
"1122",1799.42,1165,1122
"1123",1799.42,1215,1123
"1124",1799.42,1315,1124
"1125",1799.42,1365,1125
"1126",1799.42,1465,1126
"1127",1799.42,1515,1127
"1128",1799.42,1615,1128
"1129",1799.42,1665,1129
"1130",1799.42,1765,1130
"1131",1799.42,1815,1131
"1132",1799.42,1915,1132
"1133",1799.42,1965,1133
"1134",1842.72,40,1134
"1135",1842.72,90,1135
"1136",1842.72,190,1136
"1137",1842.72,240,1137
"1138",1842.72,340,1138
"1139",1842.72,390,1139
"1140",1842.72,490,1140
"1141",1842.72,540,1141
"1142",1842.72,640,1142
"1143",1842.72,690,1143
"1144",1842.72,790,1144
"1145",1842.72,840,1145
"1146",1842.72,940,1146
"1147",1842.72,990,1147
"1148",1842.72,1090,1148
"1149",1842.72,1140,1149
"1150",1842.72,1240,1150
"1151",1842.72,1290,1151
"1152",1842.72,1390,1152
"1153",1842.72,1440,1153
"1154",1842.72,1540,1154
"1155",1842.72,1590,1155
"1156",1842.72,1690,1156
"1157",1842.72,1740,1157
"1158",1842.72,1840,1158
"1159",1842.72,1890,1159
"1160",1842.72,1990,1160
"1161",1886.03,15,1161
"1162",1886.03,115,1162
"1163",1886.03,165,1163
"1164",1886.03,265,1164
"1165",1886.03,315,1165
"1166",1886.03,415,1166
"1167",1886.03,465,1167
"1168",1886.03,565,1168
"1169",1886.03,615,1169
"1170",1886.03,715,1170
"1171",1886.03,765,1171
"1172",1886.03,865,1172
"1173",1886.03,915,1173
"1174",1886.03,1015,1174
"1175",1886.03,1065,1175
"1176",1886.03,1165,1176
"1177",1886.03,1215,1177
"1178",1886.03,1315,1178
"1179",1886.03,1365,1179
"1180",1886.03,1465,1180
"1181",1886.03,1515,1181
"1182",1886.03,1615,1182
"1183",1886.03,1665,1183
"1184",1886.03,1765,1184
"1185",1886.03,1815,1185
"1186",1886.03,1915,1186
"1187",1886.03,1965,1187
"1188",1929.33,40,1188
"1189",1929.33,90,1189
"1190",1929.33,190,1190
"1191",1929.33,240,1191
"1192",1929.33,340,1192
"1193",1929.33,390,1193
"1194",1929.33,490,1194
"1195",1929.33,540,1195
"1196",1929.33,640,1196
"1197",1929.33,690,1197
"1198",1929.33,790,1198
"1199",1929.33,840,1199
"1200",1929.33,940,1200
"1201",1929.33,990,1201
"1202",1929.33,1090,1202
"1203",1929.33,1140,1203
"1204",1929.33,1240,1204
"1205",1929.33,1290,1205
"1206",1929.33,1390,1206
"1207",1929.33,1440,1207
"1208",1929.33,1540,1208
"1209",1929.33,1590,1209
"1210",1929.33,1690,1210
"1211",1929.33,1740,1211
"1212",1929.33,1840,1212
"1213",1929.33,1890,1213
"1214",1929.33,1990,1214
"1216",1972.63,115,1216
"1217",1972.63,165,1217
"1218",1972.63,265,1218
"1219",1972.63,315,1219
"1220",1972.63,415,1220
"1221",1972.63,465,1221
"1222",1972.63,565,1222
"1223",1972.63,615,1223
"1224",1972.63,715,1224
"1225",1972.63,765,1225
"1226",1972.63,865,1226
"1227",1972.63,915,1227
"1228",1972.63,1015,1228
"1229",1972.63,1065,1229
"1230",1972.63,1165,1230
"1231",1972.63,1215,1231
"1232",1972.63,1315,1232
"1233",1972.63,1365,1233
"1234",1972.63,1465,1234
"1235",1972.63,1515,1235
"1236",1972.63,1615,1236
"1237",1972.63,1665,1237
"1238",1972.63,1765,1238
"1239",1972.63,1815,1239
"1240",1972.63,1915,1240
"1241",1972.63,1965,1241
