X, Y, Z
615.0,-346.410161514,0.0
840.0,-303.108891325,0.0
-510.0,909.326673974,0.0
-360.0,-736.121593217,0.0
140.0,562.91651246,0.0
-360.0,476.313972081,0.0
540.0,-303.108891325,0.0
-435.0,692.820323028,0.0
315.0,-866.025403784,0.0
-85.0,433.012701892,0.0
440.0,-909.326673974,0.0
-435.0,-779.422863406,0.0
915.0,-173.205080757,0.0
-235.0,-519.615242271,0.0
-910.0,43.3012701892,0.0
390.0,-129.903810568,0.0
-960.0,-129.903810568,0.0
765.0,-952.627944163,0.0
315.0,173.205080757,0.0
215.0,173.205080757,0.0
-310.0,303.108891325,0.0
-85.0,259.807621135,0.0
-360.0,822.724133595,0.0
-660.0,-736.121593217,0.0
-360.0,-129.903810568,0.0
365.0,433.012701892,0.0
-760.0,822.724133595,0.0
-585.0,433.012701892,0.0
515.0,-3.41e-13,0.0
-985.0,86.6025403784,0.0
-585.0,259.807621135,0.0
-760.0,43.3012701892,0.0
515.0,-259.807621135,0.0
690.0,129.903810568,0.0
465.0,433.012701892,0.0
-385.0,779.422863406,0.0
-535.0,-346.410161514,0.0
890.0,43.3012701892,0.0
65.0,-86.6025403784,0.0
-535.0,433.012701892,0.0
-510.0,476.313972081,0.0
-585.0,173.205080757,0.0
-885.0,-519.615242271,0.0
90.0,129.903810568,0.0
840.0,216.506350946,0.0
840.0,389.711431703,0.0
-660.0,43.3012701892,0.0
390.0,476.313972081,0.0
390.0,-995.929214352,0.0
-660.0,736.121593217,0.0
-210.0,649.519052838,0.0
-535.0,866.025403784,0.0
-285.0,-866.025403784,0.0
-10.0,-389.711431703,0.0
-460.0,-43.3012701892,0.0
590.0,-822.724133595,0.0
-210.0,-909.326673974,0.0
165.0,692.820323028,0.0
615.0,346.410161514,0.0
65.0,-692.820323028,0.0
765.0,-519.615242271,0.0
-810.0,-649.519052838,0.0
-285.0,-952.627944163,0.0
840.0,-736.121593217,0.0
-285.0,606.217782649,0.0
215.0,-86.6025403784,0.0
-735.0,-606.217782649,0.0
890.0,-129.903810568,0.0
615.0,-259.807621135,0.0
90.0,-649.519052838,0.0
690.0,-909.326673974,0.0
-835.0,-779.422863406,0.0
165.0,519.615242271,0.0
-885.0,519.615242271,0.0
890.0,995.929214352,0.0
165.0,346.410161514,0.0
240.0,822.724133595,0.0
990.0,-822.724133595,0.0
-310.0,-562.91651246,0.0
515.0,-433.012701892,0.0
-985.0,519.615242271,0.0
990.0,-129.903810568,0.0
-610.0,909.326673974,0.0
365.0,433.012701892,0.0
65.0,-433.012701892,0.0
-610.0,562.91651246,0.0
65.0,606.217782649,0.0
390.0,303.108891325,0.0
-435.0,779.422863406,0.0
-135.0,-259.807621135,0.0
215.0,-86.6025403784,0.0
-460.0,129.903810568,0.0
-460.0,736.121593217,0.0
165.0,519.615242271,0.0
-385.0,-692.820323028,0.0
-310.0,-43.3012701892,0.0
-810.0,736.121593217,0.0
65.0,-866.025403784,0.0
-60.0,562.91651246,0.0
615.0,692.820323028,0.0
-685.0,692.820323028,0.0
440.0,562.91651246,0.0
-510.0,-303.108891325,0.0
390.0,822.724133595,0.0
-235.0,952.627944163,0.0
-10.0,-216.506350946,0.0
165.0,7.958e-13,0.0
-160.0,736.121593217,0.0
690.0,649.519052838,0.0
240.0,649.519052838,0.0
990.0,-649.519052838,0.0
-160.0,216.506350946,0.0
-735.0,-86.6025403784,0.0
-910.0,-736.121593217,0.0
-285.0,433.012701892,0.0
965.0,173.205080757,0.0
140.0,822.724133595,0.0
-135.0,952.627944163,0.0
15.0,779.422863406,0.0
440.0,-822.724133595,0.0
-235.0,-173.205080757,0.0
-135.0,173.205080757,0.0
-510.0,303.108891325,0.0
440.0,303.108891325,0.0
-610.0,736.121593217,0.0
15.0,-519.615242271,0.0
-835.0,-606.217782649,0.0
-160.0,-649.519052838,0.0
-885.0,259.807621135,0.0
140.0,-216.506350946,0.0
890.0,303.108891325,0.0
-360.0,-736.121593217,0.0
840.0,389.711431703,0.0
-810.0,909.326673974,0.0
-910.0,-822.724133595,0.0
-685.0,866.025403784,0.0
-360.0,649.519052838,0.0
-585.0,779.422863406,0.0
-585.0,-692.820323028,0.0
665.0,-346.410161514,0.0
-585.0,346.410161514,0.0
965.0,-779.422863406,0.0
-535.0,-519.615242271,0.0
140.0,129.903810568,0.0
-360.0,-649.519052838,0.0
-135.0,-86.6025403784,0.0
-60.0,303.108891325,0.0
990.0,43.3012701892,0.0
-910.0,-562.91651246,0.0
-660.0,-389.711431703,0.0
365.0,-952.627944163,0.0
-385.0,-346.410161514,0.0
-535.0,-86.6025403784,0.0
-160.0,303.108891325,0.0
-535.0,-346.410161514,0.0
-660.0,303.108891325,0.0
290.0,-995.929214352,0.0
-610.0,-216.506350946,0.0
90.0,-909.326673974,0.0
365.0,952.627944163,0.0
165.0,-866.025403784,0.0
965.0,-86.6025403784,0.0
840.0,-303.108891325,0.0
765.0,-173.205080757,0.0
515.0,-433.012701892,0.0
-885.0,779.422863406,0.0
915.0,692.820323028,0.0
165.0,606.217782649,0.0
-135.0,259.807621135,0.0
-685.0,259.807621135,0.0
440.0,-129.903810568,0.0
840.0,216.506350946,0.0
840.0,43.3012701892,0.0
-660.0,995.929214352,0.0
665.0,-519.615242271,0.0
-160.0,-216.506350946,0.0
540.0,-43.3012701892,0.0
-310.0,-822.724133595,0.0
-885.0,346.410161514,0.0
-10.0,303.108891325,0.0
215.0,866.025403784,0.0
-510.0,-389.711431703,0.0
65.0,779.422863406,0.0
-510.0,-303.108891325,0.0
440.0,-43.3012701892,0.0
615.0,-519.615242271,0.0
-435.0,433.012701892,0.0
615.0,346.410161514,0.0
-685.0,952.627944163,0.0
890.0,-43.3012701892,0.0
-60.0,-216.506350946,0.0
315.0,-519.615242271,0.0
-135.0,-173.205080757,0.0
-910.0,-389.711431703,0.0
-660.0,562.91651246,0.0
815.0,606.217782649,0.0
215.0,-86.6025403784,0.0
-510.0,909.326673974,0.0
890.0,216.506350946,0.0
-735.0,-866.025403784,0.0
315.0,-692.820323028,0.0
-835.0,866.025403784,0.0
-160.0,-129.903810568,0.0
-460.0,-216.506350946,0.0
890.0,649.519052838,0.0
-885.0,-86.6025403784,0.0
515.0,519.615242271,0.0
840.0,476.313972081,0.0
215.0,-173.205080757,0.0
165.0,433.012701892,0.0
465.0,692.820323028,0.0
365.0,519.615242271,0.0
90.0,129.903810568,0.0
-760.0,-129.903810568,0.0
-460.0,216.506350946,0.0
965.0,-346.410161514,0.0
915.0,-606.217782649,0.0
-760.0,-736.121593217,0.0
215.0,952.627944163,0.0
-310.0,909.326673974,0.0
-660.0,-736.121593217,0.0
15.0,866.025403784,0.0
-660.0,822.724133595,0.0
-10.0,216.506350946,0.0
-810.0,303.108891325,0.0
-735.0,-259.807621135,0.0
-760.0,216.506350946,0.0
-60.0,822.724133595,0.0
90.0,-476.313972081,0.0
-735.0,1.2506e-12,0.0
-910.0,909.326673974,0.0
840.0,-129.903810568,0.0
615.0,692.820323028,0.0
315.0,86.6025403784,0.0
-285.0,1.4779e-12,0.0
-160.0,303.108891325,0.0
915.0,519.615242271,0.0
-960.0,476.313972081,0.0
-460.0,-909.326673974,0.0
540.0,-909.326673974,0.0
465.0,173.205080757,0.0
-85.0,259.807621135,0.0
-210.0,216.506350946,0.0
-10.0,-562.91651246,0.0
290.0,736.121593217,0.0
-160.0,-909.326673974,0.0
-285.0,259.807621135,0.0
890.0,129.903810568,0.0
-735.0,-259.807621135,0.0
-60.0,-909.326673974,0.0
690.0,562.91651246,0.0
-210.0,-129.903810568,0.0
-735.0,692.820323028,0.0
465.0,779.422863406,0.0
365.0,86.6025403784,0.0
165.0,-0.0,0.0
465.0,-86.6025403784,0.0
915.0,779.422863406,0.0
-685.0,519.615242271,0.0
-760.0,-129.903810568,0.0
440.0,736.121593217,0.0
765.0,433.012701892,0.0
-835.0,606.217782649,0.0
-510.0,-43.3012701892,0.0
990.0,-43.3012701892,0.0
290.0,476.313972081,0.0
-360.0,-909.326673974,0.0
-385.0,9.095e-13,0.0
-760.0,-303.108891325,0.0
765.0,-692.820323028,0.0
90.0,-129.903810568,0.0
-810.0,-476.313972081,0.0
765.0,346.410161514,0.0
290.0,43.3012701892,0.0
440.0,-736.121593217,0.0
540.0,303.108891325,0.0
-685.0,-606.217782649,0.0
815.0,-259.807621135,0.0
-360.0,-216.506350946,0.0
365.0,173.205080757,0.0
765.0,-259.807621135,0.0
-85.0,-779.422863406,0.0
590.0,562.91651246,0.0
440.0,-43.3012701892,0.0
-60.0,-476.313972081,0.0
-85.0,-692.820323028,0.0
-910.0,736.121593217,0.0
-535.0,-173.205080757,0.0
290.0,-822.724133595,0.0
-735.0,-952.627944163,0.0
890.0,-129.903810568,0.0
240.0,129.903810568,0.0
840.0,-216.506350946,0.0
390.0,-649.519052838,0.0
-285.0,4.548e-13,0.0
-435.0,173.205080757,0.0
-835.0,173.205080757,0.0
-610.0,736.121593217,0.0
965.0,259.807621135,0.0
-535.0,-866.025403784,0.0
-585.0,692.820323028,0.0
-760.0,562.91651246,0.0
-985.0,-606.217782649,0.0
665.0,173.205080757,0.0
740.0,736.121593217,0.0
-610.0,303.108891325,0.0
-385.0,952.627944163,0.0
315.0,779.422863406,0.0
-460.0,216.506350946,0.0
165.0,779.422863406,0.0
-435.0,86.6025403784,0.0
765.0,952.627944163,0.0
515.0,259.807621135,0.0
890.0,216.506350946,0.0
-85.0,779.422863406,0.0
-235.0,-86.6025403784,0.0
390.0,303.108891325,0.0
-535.0,692.820323028,0.0
-535.0,519.615242271,0.0
-510.0,-909.326673974,0.0
815.0,779.422863406,0.0
-235.0,-86.6025403784,0.0
-135.0,692.820323028,0.0
465.0,-952.627944163,0.0
-810.0,-389.711431703,0.0
90.0,822.724133595,0.0
-585.0,-606.217782649,0.0
-235.0,-433.012701892,0.0
615.0,-606.217782649,0.0
-810.0,-303.108891325,0.0
890.0,476.313972081,0.0
-510.0,-822.724133595,0.0
-385.0,-866.025403784,0.0
-135.0,779.422863406,0.0
-435.0,-86.6025403784,0.0
-760.0,822.724133595,0.0
540.0,736.121593217,0.0
815.0,-86.6025403784,0.0
-810.0,-822.724133595,0.0
15.0,-779.422863406,0.0
765.0,692.820323028,0.0
-660.0,-649.519052838,0.0
290.0,-562.91651246,0.0
390.0,-43.3012701892,0.0
140.0,-389.711431703,0.0
-810.0,-562.91651246,0.0
390.0,129.903810568,0.0
515.0,86.6025403784,0.0
140.0,-476.313972081,0.0
-885.0,-173.205080757,0.0
465.0,-606.217782649,0.0
-235.0,-692.820323028,0.0
-910.0,995.929214352,0.0
15.0,866.025403784,0.0
740.0,909.326673974,0.0
215.0,952.627944163,0.0
240.0,-909.326673974,0.0
765.0,692.820323028,0.0
-835.0,519.615242271,0.0
615.0,-173.205080757,0.0
-885.0,-433.012701892,0.0
-535.0,-779.422863406,0.0
515.0,-866.025403784,0.0
-10.0,909.326673974,0.0
690.0,-303.108891325,0.0
990.0,-303.108891325,0.0
-585.0,-952.627944163,0.0
-660.0,-216.506350946,0.0
-385.0,866.025403784,0.0
590.0,736.121593217,0.0
-135.0,866.025403784,0.0
690.0,909.326673974,0.0
-310.0,-476.313972081,0.0
990.0,-129.903810568,0.0
540.0,389.711431703,0.0
215.0,-779.422863406,0.0
-285.0,-952.627944163,0.0
-10.0,909.326673974,0.0
-285.0,346.410161514,0.0
815.0,259.807621135,0.0
765.0,-86.6025403784,0.0
765.0,519.615242271,0.0
-535.0,173.205080757,0.0
215.0,433.012701892,0.0
-960.0,649.519052838,0.0
-685.0,866.025403784,0.0
215.0,-692.820323028,0.0
-235.0,86.6025403784,0.0
-885.0,-866.025403784,0.0
690.0,-736.121593217,0.0
-60.0,43.3012701892,0.0
-85.0,-606.217782649,0.0
-585.0,346.410161514,0.0
840.0,-43.3012701892,0.0
-85.0,173.205080757,0.0
290.0,476.313972081,0.0
-210.0,-649.519052838,0.0
315.0,433.012701892,0.0
-735.0,606.217782649,0.0
15.0,-952.627944163,0.0
-160.0,129.903810568,0.0
-660.0,-476.313972081,0.0
-910.0,-216.506350946,0.0
-385.0,-433.012701892,0.0
465.0,779.422863406,0.0
-735.0,-606.217782649,0.0
165.0,-346.410161514,0.0
140.0,-562.91651246,0.0
690.0,-476.313972081,0.0
15.0,-433.012701892,0.0
315.0,259.807621135,0.0
965.0,-519.615242271,0.0
-310.0,129.903810568,0.0
765.0,519.615242271,0.0
590.0,-649.519052838,0.0
740.0,-562.91651246,0.0
615.0,-606.217782649,0.0
840.0,303.108891325,0.0
890.0,-303.108891325,0.0
90.0,649.519052838,0.0
890.0,736.121593217,0.0
815.0,866.025403784,0.0
-760.0,-562.91651246,0.0
-310.0,476.313972081,0.0
240.0,909.326673974,0.0
615.0,-606.217782649,0.0
-235.0,346.410161514,0.0
365.0,86.6025403784,0.0
-610.0,216.506350946,0.0
-385.0,779.422863406,0.0
690.0,-303.108891325,0.0
-910.0,-389.711431703,0.0
-660.0,43.3012701892,0.0
-85.0,519.615242271,0.0
-885.0,692.820323028,0.0
-460.0,389.711431703,0.0
990.0,-476.313972081,0.0
-360.0,-216.506350946,0.0
665.0,173.205080757,0.0
915.0,-173.205080757,0.0
-660.0,303.108891325,0.0
915.0,692.820323028,0.0
-385.0,-433.012701892,0.0
-285.0,-346.410161514,0.0
-210.0,-216.506350946,0.0
240.0,-736.121593217,0.0
315.0,-2.274e-13,0.0
-760.0,-303.108891325,0.0
-210.0,129.903810568,0.0
-885.0,173.205080757,0.0
65.0,519.615242271,0.0
540.0,-476.313972081,0.0
-735.0,-692.820323028,0.0
-10.0,476.313972081,0.0
-435.0,-259.807621135,0.0
-735.0,2.0464e-12,0.0
140.0,43.3012701892,0.0
390.0,-909.326673974,0.0
515.0,866.025403784,0.0
665.0,-346.410161514,0.0
-460.0,303.108891325,0.0
-885.0,86.6025403784,0.0
15.0,-259.807621135,0.0
740.0,-649.519052838,0.0
-735.0,-519.615242271,0.0
290.0,216.506350946,0.0
390.0,43.3012701892,0.0
390.0,-562.91651246,0.0
465.0,-173.205080757,0.0
-960.0,43.3012701892,0.0
-235.0,-433.012701892,0.0
-85.0,-779.422863406,0.0
-435.0,-346.410161514,0.0
-985.0,866.025403784,0.0
240.0,-822.724133595,0.0
890.0,389.711431703,0.0
-760.0,-909.326673974,0.0
315.0,692.820323028,0.0
-435.0,-433.012701892,0.0
-685.0,-779.422863406,0.0
165.0,86.6025403784,0.0
-210.0,822.724133595,0.0
90.0,-216.506350946,0.0
65.0,-173.205080757,0.0
965.0,779.422863406,0.0
215.0,-346.410161514,0.0
690.0,736.121593217,0.0
740.0,43.3012701892,0.0
-585.0,-952.627944163,0.0
665.0,86.6025403784,0.0
690.0,-736.121593217,0.0
-360.0,-822.724133595,0.0
215.0,779.422863406,0.0
315.0,-692.820323028,0.0
-10.0,-303.108891325,0.0
665.0,-259.807621135,0.0
390.0,-43.3012701892,0.0
390.0,-649.519052838,0.0
365.0,519.615242271,0.0
90.0,-909.326673974,0.0
-510.0,-389.711431703,0.0
215.0,433.012701892,0.0
-285.0,433.012701892,0.0
840.0,909.326673974,0.0
540.0,476.313972081,0.0
765.0,433.012701892,0.0
365.0,692.820323028,0.0
515.0,-259.807621135,0.0
-135.0,866.025403784,0.0
440.0,-822.724133595,0.0
90.0,-216.506350946,0.0
-435.0,259.807621135,0.0
890.0,909.326673974,0.0
465.0,-86.6025403784,0.0
-235.0,-866.025403784,0.0
915.0,-866.025403784,0.0
-460.0,303.108891325,0.0
-660.0,-909.326673974,0.0
-285.0,-259.807621135,0.0
-160.0,909.326673974,0.0
-535.0,-173.205080757,0.0
-460.0,216.506350946,0.0
240.0,-303.108891325,0.0
-985.0,606.217782649,0.0
-910.0,216.506350946,0.0
165.0,86.6025403784,0.0
165.0,259.807621135,0.0
90.0,43.3012701892,0.0
-235.0,-346.410161514,0.0
365.0,519.615242271,0.0
-285.0,952.627944163,0.0
-910.0,-476.313972081,0.0
-235.0,606.217782649,0.0
440.0,822.724133595,0.0
765.0,-606.217782649,0.0
-85.0,-952.627944163,0.0
65.0,-692.820323028,0.0
-460.0,-562.91651246,0.0
690.0,-562.91651246,0.0
315.0,346.410161514,0.0
-60.0,-562.91651246,0.0
515.0,173.205080757,0.0
-85.0,346.410161514,0.0
90.0,-303.108891325,0.0
90.0,-43.3012701892,0.0
590.0,-389.711431703,0.0
-60.0,-476.313972081,0.0
-10.0,-649.519052838,0.0
-60.0,-736.121593217,0.0
-585.0,346.410161514,0.0
-385.0,606.217782649,0.0
-885.0,-259.807621135,0.0
690.0,216.506350946,0.0
290.0,43.3012701892,0.0
-610.0,-43.3012701892,0.0
965.0,519.615242271,0.0
-760.0,649.519052838,0.0
815.0,779.422863406,0.0
-60.0,129.903810568,0.0
-910.0,-822.724133595,0.0
-585.0,866.025403784,0.0
540.0,216.506350946,0.0
-510.0,-736.121593217,0.0
-735.0,606.217782649,0.0
-360.0,-995.929214352,0.0
740.0,562.91651246,0.0
965.0,-86.6025403784,0.0
-85.0,-86.6025403784,0.0
215.0,-779.422863406,0.0
240.0,129.903810568,0.0
-735.0,173.205080757,0.0
-810.0,-649.519052838,0.0
515.0,433.012701892,0.0
90.0,-562.91651246,0.0
-735.0,952.627944163,0.0
65.0,952.627944163,0.0
-310.0,-562.91651246,0.0
915.0,-259.807621135,0.0
765.0,173.205080757,0.0
815.0,-952.627944163,0.0
590.0,-909.326673974,0.0
-135.0,86.6025403784,0.0
-835.0,2.1601e-12,0.0
-435.0,-692.820323028,0.0
215.0,-779.422863406,0.0
-985.0,-952.627944163,0.0
90.0,-995.929214352,0.0
-610.0,-649.519052838,0.0
-685.0,779.422863406,0.0
365.0,-86.6025403784,0.0
915.0,-1.2505e-12,0.0
-835.0,433.012701892,0.0
515.0,346.410161514,0.0
-460.0,822.724133595,0.0
-360.0,-909.326673974,0.0
690.0,-216.506350946,0.0
215.0,-952.627944163,0.0
765.0,779.422863406,0.0
215.0,86.6025403784,0.0
690.0,909.326673974,0.0
-735.0,259.807621135,0.0
-610.0,43.3012701892,0.0
665.0,866.025403784,0.0
540.0,-822.724133595,0.0
-60.0,-822.724133595,0.0
515.0,-519.615242271,0.0
390.0,736.121593217,0.0
-360.0,909.326673974,0.0
-460.0,822.724133595,0.0
-285.0,-433.012701892,0.0
390.0,43.3012701892,0.0
-985.0,-346.410161514,0.0
-685.0,-606.217782649,0.0
-210.0,476.313972081,0.0
540.0,-129.903810568,0.0
465.0,259.807621135,0.0
840.0,-822.724133595,0.0
-835.0,-346.410161514,0.0
-60.0,-303.108891325,0.0
90.0,476.313972081,0.0
815.0,-173.205080757,0.0
-810.0,43.3012701892,0.0
-10.0,-216.506350946,0.0
365.0,-866.025403784,0.0
-685.0,1.3643e-12,0.0
815.0,692.820323028,0.0
-235.0,-346.410161514,0.0
965.0,-9.095e-13,0.0
-735.0,-866.025403784,0.0
-760.0,303.108891325,0.0
-885.0,-866.025403784,0.0
465.0,606.217782649,0.0
540.0,389.711431703,0.0
-310.0,-736.121593217,0.0
665.0,692.820323028,0.0
90.0,562.91651246,0.0
-435.0,259.807621135,0.0
-135.0,519.615242271,0.0
365.0,-259.807621135,0.0
-135.0,-86.6025403784,0.0
-960.0,-216.506350946,0.0
-85.0,-173.205080757,0.0
465.0,259.807621135,0.0
-610.0,43.3012701892,0.0
240.0,216.506350946,0.0
15.0,-346.410161514,0.0
215.0,-606.217782649,0.0
-760.0,129.903810568,0.0
-210.0,-476.313972081,0.0
-210.0,-736.121593217,0.0
-60.0,-216.506350946,0.0
740.0,-822.724133595,0.0
-610.0,476.313972081,0.0
-235.0,-259.807621135,0.0
-235.0,346.410161514,0.0
-610.0,-129.903810568,0.0
665.0,1.137e-13,0.0
90.0,-736.121593217,0.0
315.0,-173.205080757,0.0
-310.0,-129.903810568,0.0
-385.0,86.6025403784,0.0
-435.0,86.6025403784,0.0
-960.0,909.326673974,0.0
840.0,-909.326673974,0.0
740.0,909.326673974,0.0
215.0,519.615242271,0.0
540.0,822.724133595,0.0
-85.0,606.217782649,0.0
665.0,86.6025403784,0.0
-385.0,-86.6025403784,0.0
915.0,-2.274e-13,0.0
-910.0,216.506350946,0.0
890.0,909.326673974,0.0
440.0,129.903810568,0.0
90.0,736.121593217,0.0
-85.0,1.1369e-12,0.0
-535.0,692.820323028,0.0
515.0,692.820323028,0.0
-10.0,-909.326673974,0.0
915.0,-606.217782649,0.0
-760.0,-43.3012701892,0.0
65.0,-779.422863406,0.0
-235.0,519.615242271,0.0
-135.0,-259.807621135,0.0
-10.0,822.724133595,0.0
965.0,-173.205080757,0.0
240.0,649.519052838,0.0
-685.0,346.410161514,0.0
240.0,-303.108891325,0.0
-660.0,-303.108891325,0.0
-60.0,649.519052838,0.0
815.0,86.6025403784,0.0
-835.0,346.410161514,0.0
165.0,-433.012701892,0.0
15.0,259.807621135,0.0
-660.0,649.519052838,0.0
615.0,606.217782649,0.0
365.0,-173.205080757,0.0
440.0,389.711431703,0.0
-985.0,692.820323028,0.0
-210.0,-303.108891325,0.0
290.0,822.724133595,0.0
690.0,43.3012701892,0.0
590.0,909.326673974,0.0
140.0,-43.3012701892,0.0
-310.0,-909.326673974,0.0
-210.0,-43.3012701892,0.0
890.0,303.108891325,0.0
-960.0,-562.91651246,0.0
215.0,-433.012701892,0.0
515.0,-692.820323028,0.0
690.0,-389.711431703,0.0
-160.0,-476.313972081,0.0
665.0,173.205080757,0.0
440.0,-736.121593217,0.0
15.0,-86.6025403784,0.0
440.0,43.3012701892,0.0
-810.0,-303.108891325,0.0
390.0,-649.519052838,0.0
-435.0,-692.820323028,0.0
-835.0,-86.6025403784,0.0
-610.0,-389.711431703,0.0
-210.0,-909.326673974,0.0
-535.0,519.615242271,0.0
465.0,-86.6025403784,0.0
290.0,-216.506350946,0.0
-660.0,216.506350946,0.0
-435.0,-86.6025403784,0.0
-385.0,-866.025403784,0.0
240.0,-736.121593217,0.0
-360.0,-909.326673974,0.0
990.0,-822.724133595,0.0
590.0,-216.506350946,0.0
15.0,606.217782649,0.0
815.0,-6.821e-13,0.0
140.0,736.121593217,0.0
140.0,-909.326673974,0.0
965.0,-519.615242271,0.0
-885.0,-866.025403784,0.0
-585.0,-259.807621135,0.0
-285.0,173.205080757,0.0
215.0,-346.410161514,0.0
165.0,-779.422863406,0.0
-535.0,519.615242271,0.0
365.0,-866.025403784,0.0
-160.0,562.91651246,0.0
-310.0,562.91651246,0.0
165.0,692.820323028,0.0
240.0,476.313972081,0.0
65.0,-433.012701892,0.0
690.0,-303.108891325,0.0
-10.0,-476.313972081,0.0
815.0,-173.205080757,0.0
-135.0,259.807621135,0.0
515.0,-866.025403784,0.0
140.0,562.91651246,0.0
215.0,-952.627944163,0.0
-910.0,649.519052838,0.0
365.0,779.422863406,0.0
90.0,-822.724133595,0.0
465.0,173.205080757,0.0
-460.0,-129.903810568,0.0
-660.0,-909.326673974,0.0
15.0,173.205080757,0.0
590.0,-562.91651246,0.0
-285.0,606.217782649,0.0
240.0,-43.3012701892,0.0
515.0,-779.422863406,0.0
165.0,-259.807621135,0.0
440.0,216.506350946,0.0
540.0,995.929214352,0.0
-510.0,-216.506350946,0.0
315.0,-173.205080757,0.0
-585.0,7.958e-13,0.0
-160.0,-822.724133595,0.0
815.0,519.615242271,0.0
-585.0,-433.012701892,0.0
65.0,692.820323028,0.0
740.0,822.724133595,0.0
-385.0,86.6025403784,0.0
-585.0,606.217782649,0.0
-610.0,-995.929214352,0.0
540.0,-43.3012701892,0.0
-460.0,-822.724133595,0.0
165.0,-779.422863406,0.0
515.0,-952.627944163,0.0
840.0,129.903810568,0.0
-510.0,-649.519052838,0.0
-460.0,562.91651246,0.0
140.0,-562.91651246,0.0
-510.0,-562.91651246,0.0
-835.0,259.807621135,0.0
840.0,-476.313972081,0.0
-435.0,-86.6025403784,0.0
-885.0,-606.217782649,0.0
-385.0,-346.410161514,0.0
890.0,389.711431703,0.0
-385.0,173.205080757,0.0
765.0,86.6025403784,0.0
240.0,-995.929214352,0.0
-285.0,-519.615242271,0.0
-835.0,952.627944163,0.0
-510.0,649.519052838,0.0
740.0,476.313972081,0.0
290.0,-909.326673974,0.0
840.0,-389.711431703,0.0
740.0,909.326673974,0.0
465.0,-346.410161514,0.0
-360.0,909.326673974,0.0
890.0,649.519052838,0.0
-435.0,606.217782649,0.0
765.0,-346.410161514,0.0
890.0,-216.506350946,0.0
590.0,995.929214352,0.0
-735.0,-519.615242271,0.0
215.0,-433.012701892,0.0
365.0,-433.012701892,0.0
-735.0,606.217782649,0.0
65.0,3.411e-13,0.0
-210.0,476.313972081,0.0
-310.0,995.929214352,0.0
-660.0,-476.313972081,0.0
165.0,-519.615242271,0.0
215.0,-346.410161514,0.0
390.0,-389.711431703,0.0
365.0,-779.422863406,0.0
740.0,-129.903810568,0.0
-210.0,303.108891325,0.0
65.0,779.422863406,0.0
-735.0,-952.627944163,0.0
890.0,736.121593217,0.0
-310.0,476.313972081,0.0
-585.0,433.012701892,0.0
-60.0,-129.903810568,0.0
290.0,-736.121593217,0.0
990.0,-303.108891325,0.0
65.0,606.217782649,0.0
915.0,-173.205080757,0.0
765.0,-259.807621135,0.0
-460.0,-649.519052838,0.0
-610.0,389.711431703,0.0
315.0,866.025403784,0.0
-510.0,303.108891325,0.0
-385.0,6.821e-13,0.0
-885.0,692.820323028,0.0
90.0,-216.506350946,0.0
-610.0,-216.506350946,0.0
-585.0,-606.217782649,0.0
-435.0,606.217782649,0.0
-885.0,-606.217782649,0.0
440.0,-216.506350946,0.0
140.0,-216.506350946,0.0
-510.0,562.91651246,0.0
-535.0,-259.807621135,0.0
-135.0,-866.025403784,0.0
615.0,-692.820323028,0.0
590.0,649.519052838,0.0
-660.0,-43.3012701892,0.0
165.0,173.205080757,0.0
-435.0,259.807621135,0.0
-385.0,692.820323028,0.0
740.0,129.903810568,0.0
-285.0,-866.025403784,0.0
-510.0,129.903810568,0.0
-285.0,866.025403784,0.0
615.0,346.410161514,0.0
540.0,-649.519052838,0.0
890.0,129.903810568,0.0
665.0,-606.217782649,0.0
-285.0,173.205080757,0.0
215.0,346.410161514,0.0
-660.0,649.519052838,0.0
-660.0,-736.121593217,0.0
-585.0,952.627944163,0.0
-460.0,-562.91651246,0.0
240.0,43.3012701892,0.0
-460.0,476.313972081,0.0
515.0,606.217782649,0.0
315.0,-606.217782649,0.0
465.0,-779.422863406,0.0
-235.0,519.615242271,0.0
-435.0,606.217782649,0.0
-835.0,-866.025403784,0.0
-885.0,-173.205080757,0.0
-610.0,562.91651246,0.0
-885.0,-779.422863406,0.0
740.0,-129.903810568,0.0
-685.0,433.012701892,0.0
540.0,303.108891325,0.0
390.0,-476.313972081,0.0
215.0,86.6025403784,0.0
-435.0,-259.807621135,0.0
-360.0,649.519052838,0.0
690.0,476.313972081,0.0
-210.0,-736.121593217,0.0
-535.0,606.217782649,0.0
890.0,43.3012701892,0.0
390.0,-736.121593217,0.0
215.0,259.807621135,0.0
-735.0,86.6025403784,0.0
990.0,-216.506350946,0.0
315.0,-952.627944163,0.0
-535.0,-692.820323028,0.0
90.0,909.326673974,0.0
-810.0,476.313972081,0.0
-510.0,216.506350946,0.0
440.0,822.724133595,0.0
-735.0,-259.807621135,0.0
165.0,86.6025403784,0.0
-85.0,519.615242271,0.0
440.0,-389.711431703,0.0
-385.0,-519.615242271,0.0
-85.0,866.025403784,0.0
-810.0,303.108891325,0.0
-835.0,779.422863406,0.0
315.0,-173.205080757,0.0
590.0,736.121593217,0.0
-360.0,216.506350946,0.0
-310.0,-216.506350946,0.0
-310.0,909.326673974,0.0
990.0,-736.121593217,0.0
-760.0,-43.3012701892,0.0
390.0,649.519052838,0.0
615.0,-7.958e-13,0.0
690.0,-822.724133595,0.0
515.0,-86.6025403784,0.0
-960.0,-909.326673974,0.0
690.0,129.903810568,0.0
65.0,346.410161514,0.0
-310.0,-562.91651246,0.0
15.0,-346.410161514,0.0
-585.0,519.615242271,0.0
-360.0,-129.903810568,0.0
590.0,216.506350946,0.0
-360.0,-476.313972081,0.0
315.0,692.820323028,0.0
-60.0,909.326673974,0.0
-135.0,692.820323028,0.0
840.0,-736.121593217,0.0
965.0,-606.217782649,0.0
765.0,519.615242271,0.0
-10.0,-43.3012701892,0.0
-285.0,-606.217782649,0.0
840.0,-909.326673974,0.0
540.0,389.711431703,0.0
-460.0,-389.711431703,0.0
-835.0,-86.6025403784,0.0
965.0,519.615242271,0.0
615.0,433.012701892,0.0
515.0,346.410161514,0.0
-610.0,-43.3012701892,0.0
240.0,-476.313972081,0.0
-385.0,606.217782649,0.0
390.0,-822.724133595,0.0
765.0,-86.6025403784,0.0
465.0,-866.025403784,0.0
215.0,-519.615242271,0.0
740.0,-562.91651246,0.0
-85.0,-433.012701892,0.0
365.0,-433.012701892,0.0
-435.0,-346.410161514,0.0
-85.0,692.820323028,0.0
-385.0,433.012701892,0.0
-960.0,-303.108891325,0.0
840.0,-389.711431703,0.0
-610.0,129.903810568,0.0
165.0,519.615242271,0.0
815.0,346.410161514,0.0
-85.0,173.205080757,0.0
-10.0,649.519052838,0.0
-810.0,909.326673974,0.0
-60.0,562.91651246,0.0
-10.0,822.724133595,0.0
990.0,-562.91651246,0.0
-310.0,-303.108891325,0.0
-135.0,519.615242271,0.0
-385.0,259.807621135,0.0
665.0,-519.615242271,0.0
-10.0,736.121593217,0.0
-760.0,736.121593217,0.0
-585.0,866.025403784,0.0
-610.0,216.506350946,0.0
615.0,2.274e-13,0.0
-910.0,-129.903810568,0.0
-585.0,-433.012701892,0.0
-60.0,389.711431703,0.0
590.0,-909.326673974,0.0
140.0,389.711431703,0.0
615.0,86.6025403784,0.0
-435.0,692.820323028,0.0
390.0,-216.506350946,0.0
-60.0,-649.519052838,0.0
-985.0,952.627944163,0.0
15.0,173.205080757,0.0
215.0,-2.274e-13,0.0
-60.0,216.506350946,0.0
740.0,-822.724133595,0.0
-835.0,866.025403784,0.0
-460.0,476.313972081,0.0
-885.0,952.627944163,0.0
465.0,173.205080757,0.0
15.0,779.422863406,0.0
-360.0,389.711431703,0.0
-610.0,-822.724133595,0.0
215.0,346.410161514,0.0
-385.0,-173.205080757,0.0
-460.0,-995.929214352,0.0
-835.0,346.410161514,0.0
290.0,-389.711431703,0.0
215.0,866.025403784,0.0
365.0,346.410161514,0.0
-610.0,-649.519052838,0.0
215.0,173.205080757,0.0
-360.0,-303.108891325,0.0
890.0,-389.711431703,0.0
-910.0,-562.91651246,0.0
-610.0,-129.903810568,0.0
-160.0,-389.711431703,0.0
615.0,-952.627944163,0.0
-85.0,346.410161514,0.0
-535.0,606.217782649,0.0
-535.0,-692.820323028,0.0
-885.0,-346.410161514,0.0
140.0,-129.903810568,0.0
-160.0,-303.108891325,0.0
-460.0,909.326673974,0.0
515.0,259.807621135,0.0
165.0,866.025403784,0.0
-760.0,-389.711431703,0.0
690.0,-909.326673974,0.0
590.0,-476.313972081,0.0
-60.0,736.121593217,0.0
915.0,173.205080757,0.0
440.0,-562.91651246,0.0
-585.0,952.627944163,0.0
965.0,-433.012701892,0.0
-760.0,909.326673974,0.0
615.0,866.025403784,0.0
665.0,692.820323028,0.0
15.0,86.6025403784,0.0
-760.0,303.108891325,0.0
65.0,-86.6025403784,0.0
-535.0,86.6025403784,0.0
-510.0,649.519052838,0.0
-435.0,346.410161514,0.0
-10.0,-822.724133595,0.0
815.0,-519.615242271,0.0
-660.0,-822.724133595,0.0
-310.0,909.326673974,0.0
65.0,173.205080757,0.0
-885.0,779.422863406,0.0
740.0,562.91651246,0.0
-685.0,433.012701892,0.0
915.0,-692.820323028,0.0
215.0,-519.615242271,0.0
240.0,909.326673974,0.0
815.0,433.012701892,0.0
-310.0,389.711431703,0.0
-810.0,822.724133595,0.0
-10.0,476.313972081,0.0
540.0,-303.108891325,0.0
315.0,519.615242271,0.0
-310.0,-216.506350946,0.0
140.0,822.724133595,0.0
-235.0,-346.410161514,0.0
215.0,692.820323028,0.0
290.0,-129.903810568,0.0
15.0,519.615242271,0.0
-735.0,779.422863406,0.0
-685.0,173.205080757,0.0
-235.0,-433.012701892,0.0
-910.0,649.519052838,0.0
590.0,-129.903810568,0.0
240.0,562.91651246,0.0
-685.0,86.6025403784,0.0
-535.0,692.820323028,0.0
-135.0,433.012701892,0.0
465.0,433.012701892,0.0
90.0,476.313972081,0.0
-835.0,173.205080757,0.0
815.0,-86.6025403784,0.0
-835.0,692.820323028,0.0
815.0,-519.615242271,0.0
-610.0,303.108891325,0.0
-610.0,129.903810568,0.0
-885.0,-433.012701892,0.0
665.0,433.012701892,0.0
665.0,519.615242271,0.0
765.0,259.807621135,0.0
-310.0,216.506350946,0.0
315.0,-606.217782649,0.0
-735.0,346.410161514,0.0
-835.0,259.807621135,0.0
-685.0,-519.615242271,0.0
-960.0,389.711431703,0.0
-210.0,-43.3012701892,0.0
690.0,216.506350946,0.0
815.0,-606.217782649,0.0
-85.0,-259.807621135,0.0
390.0,-476.313972081,0.0
-60.0,822.724133595,0.0
-135.0,1.2506e-12,0.0
-60.0,736.121593217,0.0
65.0,86.6025403784,0.0
965.0,-86.6025403784,0.0
-60.0,-129.903810568,0.0
-985.0,259.807621135,0.0
-460.0,909.326673974,0.0
-610.0,129.903810568,0.0
-810.0,476.313972081,0.0
90.0,43.3012701892,0.0
-885.0,86.6025403784,0.0
-10.0,303.108891325,0.0
740.0,-303.108891325,0.0
815.0,-1.137e-13,0.0
740.0,822.724133595,0.0
-885.0,259.807621135,0.0
915.0,866.025403784,0.0
-735.0,866.025403784,0.0
-460.0,562.91651246,0.0
-810.0,649.519052838,0.0
765.0,606.217782649,0.0
-610.0,303.108891325,0.0
-535.0,-519.615242271,0.0
965.0,519.615242271,0.0
-160.0,-995.929214352,0.0
-660.0,43.3012701892,0.0
365.0,779.422863406,0.0
440.0,-389.711431703,0.0
840.0,-129.903810568,0.0
915.0,259.807621135,0.0
390.0,389.711431703,0.0
-510.0,822.724133595,0.0
-210.0,-129.903810568,0.0
-835.0,433.012701892,0.0
-60.0,-389.711431703,0.0
-660.0,736.121593217,0.0
-810.0,-43.3012701892,0.0
-660.0,-303.108891325,0.0
365.0,-692.820323028,0.0
-160.0,303.108891325,0.0
-510.0,-909.326673974,0.0
-535.0,-259.807621135,0.0
440.0,649.519052838,0.0
-960.0,-389.711431703,0.0
15.0,86.6025403784,0.0
515.0,-692.820323028,0.0
-285.0,259.807621135,0.0
65.0,779.422863406,0.0
515.0,519.615242271,0.0
-910.0,-476.313972081,0.0
-910.0,476.313972081,0.0
915.0,-86.6025403784,0.0
-660.0,562.91651246,0.0
390.0,-736.121593217,0.0
815.0,-346.410161514,0.0
765.0,779.422863406,0.0
-460.0,-303.108891325,0.0
290.0,-649.519052838,0.0
-835.0,86.6025403784,0.0
-910.0,822.724133595,0.0
-10.0,-389.711431703,0.0
965.0,606.217782649,0.0
390.0,822.724133595,0.0
90.0,389.711431703,0.0
-160.0,909.326673974,0.0
15.0,-692.820323028,0.0
215.0,779.422863406,0.0
690.0,216.506350946,0.0
-810.0,736.121593217,0.0
-460.0,-43.3012701892,0.0
-810.0,389.711431703,0.0
665.0,-7.958e-13,0.0
165.0,-866.025403784,0.0
540.0,-736.121593217,0.0
-385.0,866.025403784,0.0
290.0,303.108891325,0.0
-685.0,259.807621135,0.0
-10.0,736.121593217,0.0
465.0,952.627944163,0.0
-760.0,-216.506350946,0.0
-885.0,-346.410161514,0.0
765.0,-606.217782649,0.0
-685.0,-779.422863406,0.0
815.0,-433.012701892,0.0
240.0,-476.313972081,0.0
-10.0,562.91651246,0.0
-460.0,43.3012701892,0.0
-885.0,346.410161514,0.0
615.0,866.025403784,0.0
-835.0,-519.615242271,0.0
-535.0,173.205080757,0.0
-85.0,952.627944163,0.0
-60.0,-216.506350946,0.0
-85.0,-519.615242271,0.0
915.0,433.012701892,0.0
890.0,822.724133595,0.0
390.0,216.506350946,0.0
-10.0,-476.313972081,0.0
965.0,259.807621135,0.0
-735.0,86.6025403784,0.0
915.0,952.627944163,0.0
-535.0,1.7053e-12,0.0
-510.0,476.313972081,0.0
65.0,346.410161514,0.0
-160.0,-562.91651246,0.0
740.0,995.929214352,0.0
-610.0,649.519052838,0.0
-610.0,43.3012701892,0.0
-985.0,-692.820323028,0.0
-210.0,-649.519052838,0.0
-160.0,-909.326673974,0.0
965.0,86.6025403784,0.0
-685.0,-86.6025403784,0.0
140.0,-303.108891325,0.0
-235.0,-606.217782649,0.0
-210.0,-736.121593217,0.0
-585.0,86.6025403784,0.0
-135.0,259.807621135,0.0
-235.0,433.012701892,0.0
-10.0,389.711431703,0.0
-60.0,-736.121593217,0.0
-960.0,736.121593217,0.0
-235.0,-866.025403784,0.0
665.0,606.217782649,0.0
-235.0,173.205080757,0.0
-810.0,-476.313972081,0.0
-310.0,-129.903810568,0.0
365.0,259.807621135,0.0
-210.0,-822.724133595,0.0
890.0,-389.711431703,0.0
-910.0,-649.519052838,0.0
690.0,-562.91651246,0.0
365.0,-346.410161514,0.0
-360.0,-562.91651246,0.0
540.0,-476.313972081,0.0
65.0,-86.6025403784,0.0
-85.0,-346.410161514,0.0
240.0,-649.519052838,0.0
740.0,-216.506350946,0.0
690.0,822.724133595,0.0
440.0,476.313972081,0.0
890.0,-909.326673974,0.0
915.0,866.025403784,0.0
-435.0,-606.217782649,0.0
465.0,-259.807621135,0.0
165.0,779.422863406,0.0
615.0,-346.410161514,0.0
215.0,433.012701892,0.0
965.0,-692.820323028,0.0
840.0,-649.519052838,0.0
90.0,995.929214352,0.0
815.0,-866.025403784,0.0
-685.0,-86.6025403784,0.0
-685.0,692.820323028,0.0
-835.0,692.820323028,0.0
465.0,952.627944163,0.0
315.0,-866.025403784,0.0
-810.0,-736.121593217,0.0
-385.0,-86.6025403784,0.0
440.0,649.519052838,0.0
-85.0,779.422863406,0.0
-610.0,-476.313972081,0.0
690.0,-129.903810568,0.0
-885.0,519.615242271,0.0
365.0,-606.217782649,0.0
990.0,303.108891325,0.0
165.0,-692.820323028,0.0
990.0,562.91651246,0.0
990.0,-389.711431703,0.0
240.0,-129.903810568,0.0
-210.0,909.326673974,0.0
915.0,-1.0232e-12,0.0
-210.0,389.711431703,0.0
965.0,866.025403784,0.0
-735.0,692.820323028,0.0
590.0,476.313972081,0.0
-210.0,909.326673974,0.0
-985.0,-433.012701892,0.0
140.0,-736.121593217,0.0
-160.0,-303.108891325,0.0
515.0,606.217782649,0.0
-285.0,86.6025403784,0.0
-835.0,519.615242271,0.0
-960.0,216.506350946,0.0
-60.0,-43.3012701892,0.0
390.0,43.3012701892,0.0
-835.0,-779.422863406,0.0
740.0,-649.519052838,0.0
-135.0,606.217782649,0.0
-235.0,259.807621135,0.0
65.0,-346.410161514,0.0
65.0,-0.0,0.0
-685.0,-433.012701892,0.0
-160.0,-303.108891325,0.0
-735.0,173.205080757,0.0
-885.0,173.205080757,0.0
15.0,-866.025403784,0.0
740.0,-562.91651246,0.0
840.0,476.313972081,0.0
90.0,43.3012701892,0.0
615.0,-5.684e-13,0.0
-310.0,-43.3012701892,0.0
-160.0,43.3012701892,0.0
440.0,129.903810568,0.0
-510.0,129.903810568,0.0
15.0,866.025403784,0.0
-285.0,-866.025403784,0.0
840.0,562.91651246,0.0
-235.0,779.422863406,0.0
890.0,-649.519052838,0.0
890.0,129.903810568,0.0
365.0,-606.217782649,0.0
-885.0,606.217782649,0.0
-760.0,-736.121593217,0.0
-610.0,-562.91651246,0.0
690.0,476.313972081,0.0
-60.0,476.313972081,0.0
90.0,-303.108891325,0.0
440.0,-303.108891325,0.0
290.0,-476.313972081,0.0
-610.0,476.313972081,0.0
990.0,822.724133595,0.0
240.0,-216.506350946,0.0
-760.0,-389.711431703,0.0
-235.0,-259.807621135,0.0
65.0,-519.615242271,0.0
440.0,-649.519052838,0.0
515.0,866.025403784,0.0
590.0,-476.313972081,0.0
-285.0,-692.820323028,0.0
315.0,-86.6025403784,0.0
-135.0,519.615242271,0.0
840.0,-822.724133595,0.0
-510.0,-736.121593217,0.0
-660.0,-129.903810568,0.0
690.0,43.3012701892,0.0
-810.0,562.91651246,0.0
365.0,-1.137e-13,0.0
-10.0,129.903810568,0.0
-535.0,866.025403784,0.0
965.0,779.422863406,0.0
-810.0,822.724133595,0.0
-435.0,-346.410161514,0.0
290.0,-303.108891325,0.0
840.0,736.121593217,0.0
-760.0,476.313972081,0.0
840.0,909.326673974,0.0
-510.0,-129.903810568,0.0
-60.0,822.724133595,0.0
-835.0,-433.012701892,0.0
390.0,-822.724133595,0.0
-60.0,-43.3012701892,0.0
815.0,259.807621135,0.0
-960.0,43.3012701892,0.0
-810.0,216.506350946,0.0
-135.0,346.410161514,0.0
15.0,-952.627944163,0.0
215.0,779.422863406,0.0
765.0,866.025403784,0.0
-235.0,86.6025403784,0.0
-85.0,692.820323028,0.0
15.0,433.012701892,0.0
-135.0,-779.422863406,0.0
590.0,822.724133595,0.0
-10.0,389.711431703,0.0
-960.0,-822.724133595,0.0
-910.0,-909.326673974,0.0
-385.0,519.615242271,0.0
-810.0,-129.903810568,0.0
690.0,995.929214352,0.0
-885.0,-519.615242271,0.0
965.0,-606.217782649,0.0
465.0,-692.820323028,0.0
315.0,-259.807621135,0.0
-235.0,-952.627944163,0.0
515.0,86.6025403784,0.0
315.0,86.6025403784,0.0
-310.0,216.506350946,0.0
390.0,-736.121593217,0.0
-660.0,-303.108891325,0.0
15.0,-86.6025403784,0.0
-760.0,-822.724133595,0.0
-535.0,86.6025403784,0.0
990.0,303.108891325,0.0
-660.0,909.326673974,0.0
540.0,-649.519052838,0.0
815.0,692.820323028,0.0
590.0,-909.326673974,0.0
-910.0,-389.711431703,0.0
465.0,-173.205080757,0.0
-910.0,303.108891325,0.0
-435.0,-173.205080757,0.0
-160.0,389.711431703,0.0
590.0,-43.3012701892,0.0
915.0,-866.025403784,0.0
215.0,-866.025403784,0.0
990.0,129.903810568,0.0
-535.0,-866.025403784,0.0
465.0,-433.012701892,0.0
-685.0,-346.410161514,0.0
815.0,-692.820323028,0.0
-510.0,-129.903810568,0.0
615.0,-346.410161514,0.0
65.0,86.6025403784,0.0
-735.0,-433.012701892,0.0
-310.0,822.724133595,0.0
-835.0,1.2506e-12,0.0
740.0,562.91651246,0.0
690.0,389.711431703,0.0
965.0,952.627944163,0.0
-735.0,433.012701892,0.0
-510.0,909.326673974,0.0
90.0,649.519052838,0.0
-85.0,5.685e-13,0.0
-60.0,476.313972081,0.0
15.0,-866.025403784,0.0
15.0,606.217782649,0.0
915.0,519.615242271,0.0
15.0,433.012701892,0.0
890.0,-43.3012701892,0.0
-510.0,43.3012701892,0.0
290.0,736.121593217,0.0
690.0,-476.313972081,0.0
-360.0,389.711431703,0.0
815.0,86.6025403784,0.0
-735.0,-86.6025403784,0.0
240.0,216.506350946,0.0
-385.0,173.205080757,0.0
-760.0,303.108891325,0.0
590.0,476.313972081,0.0
440.0,303.108891325,0.0
665.0,346.410161514,0.0
-510.0,822.724133595,0.0
515.0,-173.205080757,0.0
290.0,736.121593217,0.0
840.0,909.326673974,0.0
-585.0,-346.410161514,0.0
-735.0,-86.6025403784,0.0
765.0,346.410161514,0.0
-910.0,-822.724133595,0.0
-235.0,606.217782649,0.0
-210.0,-389.711431703,0.0
-885.0,-86.6025403784,0.0
-210.0,562.91651246,0.0
-660.0,-995.929214352,0.0
365.0,-779.422863406,0.0
-660.0,-649.519052838,0.0
840.0,-562.91651246,0.0
-960.0,-736.121593217,0.0
-735.0,433.012701892,0.0
690.0,562.91651246,0.0
-810.0,-129.903810568,0.0
-535.0,-779.422863406,0.0
965.0,-952.627944163,0.0
690.0,649.519052838,0.0
-135.0,-692.820323028,0.0
965.0,-866.025403784,0.0
-835.0,-433.012701892,0.0
-310.0,-389.711431703,0.0
840.0,-909.326673974,0.0
965.0,-1.2505e-12,0.0
-510.0,389.711431703,0.0
-910.0,909.326673974,0.0
390.0,562.91651246,0.0
390.0,736.121593217,0.0
165.0,-866.025403784,0.0
290.0,-389.711431703,0.0
890.0,-216.506350946,0.0
615.0,86.6025403784,0.0
-310.0,562.91651246,0.0
-60.0,303.108891325,0.0
665.0,-779.422863406,0.0
-60.0,129.903810568,0.0
965.0,-866.025403784,0.0
-910.0,-129.903810568,0.0
-435.0,-866.025403784,0.0
590.0,43.3012701892,0.0
-960.0,736.121593217,0.0
915.0,-519.615242271,0.0
440.0,-476.313972081,0.0
140.0,909.326673974,0.0
240.0,-129.903810568,0.0
-910.0,43.3012701892,0.0
-510.0,995.929214352,0.0
365.0,433.012701892,0.0
15.0,346.410161514,0.0
-835.0,-86.6025403784,0.0
240.0,736.121593217,0.0
740.0,-389.711431703,0.0
215.0,-259.807621135,0.0
890.0,909.326673974,0.0
515.0,433.012701892,0.0
665.0,346.410161514,0.0
-835.0,779.422863406,0.0
-360.0,-43.3012701892,0.0
-235.0,-606.217782649,0.0
-535.0,952.627944163,0.0
590.0,303.108891325,0.0
15.0,-173.205080757,0.0
-585.0,86.6025403784,0.0
65.0,519.615242271,0.0
-835.0,173.205080757,0.0
590.0,-303.108891325,0.0
240.0,-909.326673974,0.0
390.0,-303.108891325,0.0
440.0,-129.903810568,0.0
-910.0,736.121593217,0.0
440.0,476.313972081,0.0
-10.0,-909.326673974,0.0
-660.0,736.121593217,0.0
-685.0,-866.025403784,0.0
65.0,866.025403784,0.0
240.0,822.724133595,0.0
-385.0,346.410161514,0.0
-535.0,-779.422863406,0.0
-85.0,866.025403784,0.0
-535.0,259.807621135,0.0
-585.0,259.807621135,0.0
165.0,346.410161514,0.0
840.0,649.519052838,0.0
890.0,-562.91651246,0.0
-835.0,606.217782649,0.0
990.0,822.724133595,0.0
465.0,-606.217782649,0.0
90.0,-43.3012701892,0.0
-235.0,-519.615242271,0.0
-810.0,-736.121593217,0.0
540.0,-129.903810568,0.0
690.0,476.313972081,0.0
-910.0,476.313972081,0.0
-360.0,-43.3012701892,0.0
-835.0,-259.807621135,0.0
-385.0,-692.820323028,0.0
440.0,-129.903810568,0.0
-210.0,822.724133595,0.0
-685.0,-346.410161514,0.0
-835.0,-606.217782649,0.0
65.0,-519.615242271,0.0
140.0,-216.506350946,0.0
-210.0,-476.313972081,0.0
890.0,-476.313972081,0.0
-60.0,43.3012701892,0.0
290.0,389.711431703,0.0
15.0,-259.807621135,0.0
840.0,303.108891325,0.0
-585.0,-866.025403784,0.0
815.0,346.410161514,0.0
-610.0,736.121593217,0.0
240.0,-562.91651246,0.0
315.0,519.615242271,0.0
290.0,129.903810568,0.0
-685.0,433.012701892,0.0
-285.0,779.422863406,0.0
-885.0,-346.410161514,0.0
90.0,303.108891325,0.0
-835.0,606.217782649,0.0
365.0,952.627944163,0.0
-735.0,173.205080757,0.0
-135.0,-519.615242271,0.0
215.0,519.615242271,0.0
-10.0,-995.929214352,0.0
90.0,-909.326673974,0.0
-535.0,346.410161514,0.0
-160.0,-216.506350946,0.0
515.0,-86.6025403784,0.0
815.0,-519.615242271,0.0
615.0,-433.012701892,0.0
-310.0,-389.711431703,0.0
-160.0,389.711431703,0.0
-810.0,562.91651246,0.0
765.0,-0.0,0.0
-760.0,909.326673974,0.0
965.0,606.217782649,0.0
690.0,-389.711431703,0.0
90.0,303.108891325,0.0
90.0,-389.711431703,0.0
-585.0,519.615242271,0.0
-85.0,-86.6025403784,0.0
-210.0,562.91651246,0.0
-960.0,-476.313972081,0.0
-510.0,-909.326673974,0.0
-585.0,86.6025403784,0.0
290.0,909.326673974,0.0
-360.0,476.313972081,0.0
-310.0,562.91651246,0.0
-760.0,43.3012701892,0.0
-85.0,-86.6025403784,0.0
765.0,-866.025403784,0.0
515.0,-692.820323028,0.0
290.0,-216.506350946,0.0
-910.0,822.724133595,0.0
-360.0,-822.724133595,0.0
-160.0,-476.313972081,0.0
90.0,-736.121593217,0.0
-310.0,736.121593217,0.0
-910.0,-303.108891325,0.0
165.0,-606.217782649,0.0
140.0,909.326673974,0.0
690.0,-649.519052838,0.0
315.0,-4.547e-13,0.0
-810.0,-389.711431703,0.0
-385.0,952.627944163,0.0
815.0,-866.025403784,0.0
-285.0,-173.205080757,0.0
-760.0,909.326673974,0.0
-160.0,-389.711431703,0.0
-460.0,736.121593217,0.0
15.0,692.820323028,0.0
140.0,-822.724133595,0.0
615.0,-779.422863406,0.0
815.0,-433.012701892,0.0
215.0,606.217782649,0.0
615.0,-866.025403784,0.0
-535.0,-692.820323028,0.0
765.0,606.217782649,0.0
840.0,-389.711431703,0.0
-660.0,909.326673974,0.0
-60.0,389.711431703,0.0
-760.0,-43.3012701892,0.0
-60.0,649.519052838,0.0
-910.0,736.121593217,0.0
140.0,43.3012701892,0.0
740.0,649.519052838,0.0
-160.0,476.313972081,0.0
-310.0,-216.506350946,0.0
-310.0,303.108891325,0.0
-760.0,389.711431703,0.0
-760.0,736.121593217,0.0
-360.0,-43.3012701892,0.0
-810.0,562.91651246,0.0
-385.0,433.012701892,0.0
-10.0,-476.313972081,0.0
840.0,562.91651246,0.0
165.0,-86.6025403784,0.0
-10.0,-562.91651246,0.0
765.0,606.217782649,0.0
215.0,-692.820323028,0.0
-60.0,-909.326673974,0.0
-835.0,-692.820323028,0.0
540.0,129.903810568,0.0
-235.0,692.820323028,0.0
-210.0,-129.903810568,0.0
590.0,-216.506350946,0.0
-835.0,-519.615242271,0.0
-135.0,-86.6025403784,0.0
-585.0,-866.025403784,0.0
-85.0,259.807621135,0.0
615.0,779.422863406,0.0
-585.0,-259.807621135,0.0
-285.0,-433.012701892,0.0
165.0,-606.217782649,0.0
365.0,606.217782649,0.0
665.0,259.807621135,0.0
-310.0,-736.121593217,0.0
740.0,389.711431703,0.0
615.0,-779.422863406,0.0
990.0,909.326673974,0.0
-685.0,-866.025403784,0.0
-160.0,-649.519052838,0.0
290.0,649.519052838,0.0
540.0,-562.91651246,0.0
515.0,-606.217782649,0.0
540.0,-562.91651246,0.0
-135.0,866.025403784,0.0
665.0,-779.422863406,0.0
240.0,303.108891325,0.0
65.0,-866.025403784,0.0
-510.0,-562.91651246,0.0
140.0,-476.313972081,0.0
-685.0,-173.205080757,0.0
140.0,-995.929214352,0.0
-885.0,866.025403784,0.0
65.0,692.820323028,0.0
240.0,476.313972081,0.0
690.0,-909.326673974,0.0
-535.0,433.012701892,0.0
815.0,-692.820323028,0.0
815.0,-346.410161514,0.0
-910.0,-43.3012701892,0.0
-960.0,-476.313972081,0.0
215.0,-173.205080757,0.0
-735.0,1.0232e-12,0.0
740.0,129.903810568,0.0
-960.0,476.313972081,0.0
-135.0,173.205080757,0.0
165.0,866.025403784,0.0
290.0,-129.903810568,0.0
65.0,-519.615242271,0.0
-685.0,-259.807621135,0.0
-310.0,-822.724133595,0.0
815.0,86.6025403784,0.0
-685.0,-952.627944163,0.0
765.0,-259.807621135,0.0
140.0,-649.519052838,0.0
615.0,-86.6025403784,0.0
-360.0,-736.121593217,0.0
915.0,-779.422863406,0.0
-660.0,-476.313972081,0.0
815.0,-1.0232e-12,0.0
215.0,866.025403784,0.0
990.0,562.91651246,0.0
-510.0,562.91651246,0.0
-135.0,606.217782649,0.0
-810.0,-562.91651246,0.0
815.0,-779.422863406,0.0
315.0,-259.807621135,0.0
540.0,-736.121593217,0.0
-385.0,-86.6025403784,0.0
-960.0,303.108891325,0.0
-810.0,-909.326673974,0.0
665.0,952.627944163,0.0
-210.0,-562.91651246,0.0
-760.0,-649.519052838,0.0
515.0,866.025403784,0.0
-835.0,-779.422863406,0.0
965.0,779.422863406,0.0
-85.0,-259.807621135,0.0
-510.0,-562.91651246,0.0
240.0,-389.711431703,0.0
-460.0,-476.313972081,0.0
65.0,-952.627944163,0.0
740.0,-303.108891325,0.0
-135.0,779.422863406,0.0
-885.0,-433.012701892,0.0
690.0,389.711431703,0.0
-460.0,-303.108891325,0.0
740.0,-216.506350946,0.0
690.0,-562.91651246,0.0
-760.0,216.506350946,0.0
-685.0,779.422863406,0.0
365.0,-3.41e-13,0.0
140.0,562.91651246,0.0
840.0,129.903810568,0.0
-510.0,-476.313972081,0.0
-835.0,866.025403784,0.0
-310.0,129.903810568,0.0
740.0,129.903810568,0.0
-760.0,-562.91651246,0.0
515.0,-606.217782649,0.0
-910.0,129.903810568,0.0
-60.0,995.929214352,0.0
-810.0,-736.121593217,0.0
540.0,562.91651246,0.0
-660.0,476.313972081,0.0
15.0,519.615242271,0.0
-135.0,692.820323028,0.0
140.0,-303.108891325,0.0
-760.0,-303.108891325,0.0
240.0,43.3012701892,0.0
-585.0,-86.6025403784,0.0
-735.0,-779.422863406,0.0
240.0,562.91651246,0.0
-10.0,-129.903810568,0.0
-735.0,346.410161514,0.0
590.0,-476.313972081,0.0
290.0,-476.313972081,0.0
965.0,173.205080757,0.0
390.0,476.313972081,0.0
-210.0,-736.121593217,0.0
-285.0,-346.410161514,0.0
-360.0,736.121593217,0.0
440.0,909.326673974,0.0
-435.0,-606.217782649,0.0
-235.0,259.807621135,0.0
-735.0,346.410161514,0.0
-735.0,519.615242271,0.0
-585.0,-346.410161514,0.0
-735.0,866.025403784,0.0
-310.0,476.313972081,0.0
-835.0,-259.807621135,0.0
-235.0,346.410161514,0.0
915.0,173.205080757,0.0
-660.0,303.108891325,0.0
465.0,519.615242271,0.0
815.0,259.807621135,0.0
440.0,43.3012701892,0.0
-435.0,779.422863406,0.0
-760.0,822.724133595,0.0
665.0,606.217782649,0.0
65.0,-173.205080757,0.0
-435.0,952.627944163,0.0
840.0,736.121593217,0.0
-385.0,692.820323028,0.0
690.0,-822.724133595,0.0
540.0,649.519052838,0.0
240.0,-822.724133595,0.0
665.0,-952.627944163,0.0
-810.0,-909.326673974,0.0
-385.0,519.615242271,0.0
-135.0,-173.205080757,0.0
765.0,346.410161514,0.0
365.0,-692.820323028,0.0
90.0,822.724133595,0.0
365.0,-519.615242271,0.0
840.0,-216.506350946,0.0
-610.0,-649.519052838,0.0
-135.0,779.422863406,0.0
-760.0,-476.313972081,0.0
690.0,822.724133595,0.0
-210.0,736.121593217,0.0
-235.0,173.205080757,0.0
-535.0,-606.217782649,0.0
-535.0,-606.217782649,0.0
890.0,-649.519052838,0.0
915.0,259.807621135,0.0
-360.0,-216.506350946,0.0
-385.0,346.410161514,0.0
90.0,-909.326673974,0.0
-235.0,-779.422863406,0.0
365.0,-86.6025403784,0.0
140.0,476.313972081,0.0
-835.0,433.012701892,0.0
840.0,995.929214352,0.0
590.0,43.3012701892,0.0
-960.0,389.711431703,0.0
315.0,866.025403784,0.0
140.0,-822.724133595,0.0
465.0,606.217782649,0.0
-210.0,-562.91651246,0.0
890.0,-216.506350946,0.0
-985.0,173.205080757,0.0
515.0,519.615242271,0.0
665.0,-866.025403784,0.0
990.0,389.711431703,0.0
765.0,866.025403784,0.0
-135.0,-259.807621135,0.0
-60.0,736.121593217,0.0
390.0,-129.903810568,0.0
-135.0,2.274e-13,0.0
465.0,346.410161514,0.0
-85.0,952.627944163,0.0
65.0,173.205080757,0.0
-210.0,649.519052838,0.0
-885.0,866.025403784,0.0
965.0,-259.807621135,0.0
15.0,86.6025403784,0.0
140.0,736.121593217,0.0
390.0,649.519052838,0.0
-210.0,216.506350946,0.0
915.0,346.410161514,0.0
140.0,736.121593217,0.0
440.0,476.313972081,0.0
-160.0,-216.506350946,0.0
-135.0,-433.012701892,0.0
-760.0,649.519052838,0.0
-10.0,216.506350946,0.0
-135.0,-952.627944163,0.0
515.0,-346.410161514,0.0
-85.0,86.6025403784,0.0
-585.0,-433.012701892,0.0
-60.0,389.711431703,0.0
-660.0,-129.903810568,0.0
-360.0,216.506350946,0.0
-385.0,-259.807621135,0.0
240.0,909.326673974,0.0
390.0,909.326673974,0.0
-235.0,866.025403784,0.0
915.0,-86.6025403784,0.0
740.0,389.711431703,0.0
-660.0,476.313972081,0.0
965.0,692.820323028,0.0
915.0,86.6025403784,0.0
-610.0,389.711431703,0.0
-610.0,-822.724133595,0.0
-660.0,649.519052838,0.0
140.0,649.519052838,0.0
-85.0,346.410161514,0.0
-610.0,822.724133595,0.0
-910.0,-995.929214352,0.0
-685.0,86.6025403784,0.0
-835.0,519.615242271,0.0
315.0,-779.422863406,0.0
890.0,-476.313972081,0.0
65.0,346.410161514,0.0
-360.0,-649.519052838,0.0
315.0,866.025403784,0.0
-510.0,562.91651246,0.0
-685.0,519.615242271,0.0
-460.0,-562.91651246,0.0
390.0,129.903810568,0.0
440.0,649.519052838,0.0
440.0,-476.313972081,0.0
-85.0,-692.820323028,0.0
-60.0,216.506350946,0.0
-760.0,-129.903810568,0.0
390.0,-476.313972081,0.0
240.0,-909.326673974,0.0
465.0,-259.807621135,0.0
-835.0,259.807621135,0.0
290.0,909.326673974,0.0
315.0,259.807621135,0.0
165.0,433.012701892,0.0
-385.0,-173.205080757,0.0
515.0,-173.205080757,0.0
365.0,346.410161514,0.0
-85.0,86.6025403784,0.0
-460.0,-43.3012701892,0.0
-585.0,259.807621135,0.0
465.0,346.410161514,0.0
-60.0,-822.724133595,0.0
965.0,-519.615242271,0.0
15.0,-433.012701892,0.0
240.0,389.711431703,0.0
-310.0,43.3012701892,0.0
-60.0,909.326673974,0.0
390.0,909.326673974,0.0
-360.0,909.326673974,0.0
-160.0,995.929214352,0.0
-235.0,433.012701892,0.0
290.0,822.724133595,0.0
615.0,-519.615242271,0.0
-285.0,433.012701892,0.0
-435.0,952.627944163,0.0
540.0,43.3012701892,0.0
690.0,129.903810568,0.0
915.0,-433.012701892,0.0
-135.0,-606.217782649,0.0
990.0,-43.3012701892,0.0
-760.0,43.3012701892,0.0
-810.0,216.506350946,0.0
-235.0,1.3643e-12,0.0
-135.0,-173.205080757,0.0
690.0,303.108891325,0.0
740.0,736.121593217,0.0
-435.0,433.012701892,0.0
-960.0,909.326673974,0.0
765.0,173.205080757,0.0
-510.0,736.121593217,0.0
-85.0,-866.025403784,0.0
840.0,562.91651246,0.0
-585.0,433.012701892,0.0
690.0,303.108891325,0.0
290.0,476.313972081,0.0
-885.0,952.627944163,0.0
840.0,649.519052838,0.0
665.0,259.807621135,0.0
615.0,606.217782649,0.0
615.0,519.615242271,0.0
90.0,389.711431703,0.0
890.0,-389.711431703,0.0
-910.0,216.506350946,0.0
-760.0,129.903810568,0.0
290.0,129.903810568,0.0
-385.0,86.6025403784,0.0
90.0,216.506350946,0.0
390.0,-303.108891325,0.0
840.0,303.108891325,0.0
-960.0,-736.121593217,0.0
-510.0,-216.506350946,0.0
-585.0,1.0232e-12,0.0
-585.0,-259.807621135,0.0
65.0,-346.410161514,0.0
-385.0,-346.410161514,0.0
690.0,909.326673974,0.0
-810.0,736.121593217,0.0
390.0,-43.3012701892,0.0
-235.0,-173.205080757,0.0
-85.0,-519.615242271,0.0
915.0,433.012701892,0.0
-385.0,-519.615242271,0.0
-910.0,-216.506350946,0.0
-960.0,649.519052838,0.0
365.0,86.6025403784,0.0
915.0,606.217782649,0.0
815.0,779.422863406,0.0
-85.0,-952.627944163,0.0
-810.0,216.506350946,0.0
240.0,303.108891325,0.0
-385.0,-779.422863406,0.0
-735.0,-346.410161514,0.0
615.0,-173.205080757,0.0
990.0,649.519052838,0.0
140.0,303.108891325,0.0
665.0,-173.205080757,0.0
-285.0,6.821e-13,0.0
-810.0,43.3012701892,0.0
-535.0,1.1369e-12,0.0
-385.0,606.217782649,0.0
-535.0,-173.205080757,0.0
-360.0,562.91651246,0.0
90.0,-303.108891325,0.0
665.0,519.615242271,0.0
990.0,736.121593217,0.0
-385.0,-519.615242271,0.0
-160.0,822.724133595,0.0
965.0,86.6025403784,0.0
90.0,-822.724133595,0.0
-510.0,-43.3012701892,0.0
540.0,909.326673974,0.0
390.0,216.506350946,0.0
15.0,-0.0,0.0
915.0,86.6025403784,0.0
515.0,-606.217782649,0.0
665.0,-692.820323028,0.0
15.0,692.820323028,0.0
-435.0,-952.627944163,0.0
665.0,-866.025403784,0.0
-960.0,-909.326673974,0.0
-310.0,-129.903810568,0.0
-285.0,-433.012701892,0.0
815.0,173.205080757,0.0
365.0,-346.410161514,0.0
315.0,-346.410161514,0.0
-910.0,389.711431703,0.0
-535.0,-952.627944163,0.0
915.0,346.410161514,0.0
740.0,-736.121593217,0.0
-885.0,-606.217782649,0.0
540.0,-649.519052838,0.0
-360.0,-389.711431703,0.0
-385.0,-779.422863406,0.0
-360.0,-303.108891325,0.0
540.0,649.519052838,0.0
915.0,-346.410161514,0.0
665.0,-86.6025403784,0.0
665.0,-86.6025403784,0.0
-460.0,389.711431703,0.0
-610.0,649.519052838,0.0
-285.0,346.410161514,0.0
-760.0,-562.91651246,0.0
915.0,-866.025403784,0.0
-160.0,-736.121593217,0.0
965.0,-779.422863406,0.0
-535.0,-952.627944163,0.0
-285.0,519.615242271,0.0
840.0,-909.326673974,0.0
-285.0,-606.217782649,0.0
-835.0,-779.422863406,0.0
-160.0,-389.711431703,0.0
165.0,606.217782649,0.0
665.0,-433.012701892,0.0
665.0,866.025403784,0.0
-460.0,-389.711431703,0.0
65.0,-433.012701892,0.0
365.0,259.807621135,0.0
765.0,-7.958e-13,0.0
-535.0,779.422863406,0.0
90.0,216.506350946,0.0
-510.0,303.108891325,0.0
-435.0,173.205080757,0.0
215.0,-866.025403784,0.0
440.0,-216.506350946,0.0
-60.0,476.313972081,0.0
315.0,779.422863406,0.0
-60.0,-562.91651246,0.0
-85.0,-173.205080757,0.0
-585.0,779.422863406,0.0
-510.0,-476.313972081,0.0
-810.0,-129.903810568,0.0
-610.0,-909.326673974,0.0
465.0,866.025403784,0.0
815.0,173.205080757,0.0
-435.0,866.025403784,0.0
-60.0,-736.121593217,0.0
-985.0,-86.6025403784,0.0
-435.0,519.615242271,0.0
890.0,822.724133595,0.0
-910.0,909.326673974,0.0
540.0,43.3012701892,0.0
-835.0,-433.012701892,0.0
440.0,736.121593217,0.0
-835.0,1.5916e-12,0.0
-760.0,-822.724133595,0.0
740.0,216.506350946,0.0
965.0,346.410161514,0.0
-810.0,822.724133595,0.0
840.0,822.724133595,0.0
-210.0,-995.929214352,0.0
-210.0,-822.724133595,0.0
740.0,-389.711431703,0.0
-910.0,-649.519052838,0.0
590.0,-562.91651246,0.0
90.0,303.108891325,0.0
-610.0,995.929214352,0.0
-60.0,-562.91651246,0.0
-460.0,649.519052838,0.0
815.0,346.410161514,0.0
165.0,-952.627944163,0.0
-385.0,-606.217782649,0.0
-835.0,-346.410161514,0.0
365.0,779.422863406,0.0
-735.0,692.820323028,0.0
690.0,-216.506350946,0.0
690.0,-995.929214352,0.0
90.0,909.326673974,0.0
515.0,-5.684e-13,0.0
615.0,952.627944163,0.0
740.0,-909.326673974,0.0
-360.0,216.506350946,0.0
965.0,-173.205080757,0.0
-310.0,389.711431703,0.0
240.0,129.903810568,0.0
240.0,-43.3012701892,0.0
290.0,995.929214352,0.0
315.0,779.422863406,0.0
965.0,606.217782649,0.0
990.0,736.121593217,0.0
290.0,-216.506350946,0.0
365.0,692.820323028,0.0
-10.0,562.91651246,0.0
15.0,1.0232e-12,0.0
-160.0,-822.724133595,0.0
165.0,-519.615242271,0.0
-885.0,606.217782649,0.0
590.0,-389.711431703,0.0
965.0,-433.012701892,0.0
590.0,129.903810568,0.0
290.0,216.506350946,0.0
440.0,43.3012701892,0.0
-585.0,779.422863406,0.0
-135.0,433.012701892,0.0
615.0,606.217782649,0.0
65.0,-346.410161514,0.0
390.0,389.711431703,0.0
-535.0,86.6025403784,0.0
-435.0,433.012701892,0.0
-910.0,-129.903810568,0.0
690.0,-736.121593217,0.0
-10.0,-303.108891325,0.0
290.0,303.108891325,0.0
-360.0,303.108891325,0.0
-685.0,606.217782649,0.0
365.0,-519.615242271,0.0
840.0,-736.121593217,0.0
-160.0,822.724133595,0.0
-685.0,606.217782649,0.0
-210.0,129.903810568,0.0
165.0,346.410161514,0.0
-610.0,-216.506350946,0.0
540.0,303.108891325,0.0
165.0,-86.6025403784,0.0
-685.0,-433.012701892,0.0
-610.0,-303.108891325,0.0
540.0,822.724133595,0.0
-660.0,-822.724133595,0.0
-435.0,173.205080757,0.0
990.0,-562.91651246,0.0
590.0,476.313972081,0.0
-610.0,-476.313972081,0.0
140.0,303.108891325,0.0
165.0,-86.6025403784,0.0
-460.0,-909.326673974,0.0
515.0,779.422863406,0.0
590.0,-389.711431703,0.0
-160.0,43.3012701892,0.0
-810.0,129.903810568,0.0
515.0,433.012701892,0.0
-285.0,-86.6025403784,0.0
215.0,259.807621135,0.0
65.0,-606.217782649,0.0
-810.0,476.313972081,0.0
915.0,-606.217782649,0.0
615.0,952.627944163,0.0
-610.0,-736.121593217,0.0
-460.0,476.313972081,0.0
-910.0,-562.91651246,0.0
-160.0,-43.3012701892,0.0
-585.0,692.820323028,0.0
765.0,-606.217782649,0.0
165.0,-346.410161514,0.0
-685.0,606.217782649,0.0
665.0,-433.012701892,0.0
290.0,-822.724133595,0.0
215.0,519.615242271,0.0
315.0,173.205080757,0.0
-760.0,-389.711431703,0.0
-160.0,-43.3012701892,0.0
-85.0,-519.615242271,0.0
290.0,-389.711431703,0.0
890.0,-476.313972081,0.0
-160.0,649.519052838,0.0
515.0,173.205080757,0.0
-660.0,-562.91651246,0.0
465.0,-866.025403784,0.0
-660.0,-736.121593217,0.0
-435.0,-259.807621135,0.0
-210.0,-43.3012701892,0.0
-435.0,-866.025403784,0.0
-660.0,389.711431703,0.0
890.0,-562.91651246,0.0
590.0,822.724133595,0.0
-210.0,-303.108891325,0.0
765.0,-173.205080757,0.0
515.0,259.807621135,0.0
590.0,-562.91651246,0.0
165.0,-433.012701892,0.0
-285.0,-173.205080757,0.0
815.0,866.025403784,0.0
-885.0,-692.820323028,0.0
-510.0,216.506350946,0.0
-310.0,303.108891325,0.0
-210.0,476.313972081,0.0
615.0,-866.025403784,0.0
-985.0,-259.807621135,0.0
440.0,129.903810568,0.0
140.0,216.506350946,0.0
-810.0,-43.3012701892,0.0
-885.0,346.410161514,0.0
665.0,952.627944163,0.0
240.0,-216.506350946,0.0
615.0,259.807621135,0.0
590.0,-995.929214352,0.0
-235.0,866.025403784,0.0
290.0,389.711431703,0.0
-685.0,346.410161514,0.0
240.0,476.313972081,0.0
-10.0,-389.711431703,0.0
-660.0,822.724133595,0.0
140.0,303.108891325,0.0
-510.0,-909.326673974,0.0
615.0,259.807621135,0.0
765.0,86.6025403784,0.0
315.0,-346.410161514,0.0
515.0,-346.410161514,0.0
590.0,909.326673974,0.0
-235.0,606.217782649,0.0
-310.0,-476.313972081,0.0
665.0,433.012701892,0.0
390.0,-736.121593217,0.0
215.0,-259.807621135,0.0
840.0,-43.3012701892,0.0
-810.0,-303.108891325,0.0
-535.0,606.217782649,0.0
315.0,519.615242271,0.0
240.0,-649.519052838,0.0
540.0,-909.326673974,0.0
665.0,-4.547e-13,0.0
-235.0,-779.422863406,0.0
-960.0,-303.108891325,0.0
315.0,-86.6025403784,0.0
990.0,909.326673974,0.0
990.0,476.313972081,0.0
-660.0,216.506350946,0.0
-460.0,736.121593217,0.0
-685.0,-346.410161514,0.0
290.0,-822.724133595,0.0
390.0,-216.506350946,0.0
65.0,-779.422863406,0.0
15.0,433.012701892,0.0
215.0,-866.025403784,0.0
815.0,173.205080757,0.0
-360.0,-129.903810568,0.0
90.0,736.121593217,0.0
815.0,-346.410161514,0.0
-585.0,173.205080757,0.0
740.0,-129.903810568,0.0
290.0,43.3012701892,0.0
-235.0,-606.217782649,0.0
-660.0,-822.724133595,0.0
15.0,952.627944163,0.0
-985.0,-779.422863406,0.0
-235.0,433.012701892,0.0
-210.0,129.903810568,0.0
665.0,-433.012701892,0.0
840.0,129.903810568,0.0
-660.0,-216.506350946,0.0
-685.0,-779.422863406,0.0
-160.0,216.506350946,0.0
-360.0,43.3012701892,0.0
915.0,606.217782649,0.0
90.0,-129.903810568,0.0
-685.0,-519.615242271,0.0
665.0,-779.422863406,0.0
915.0,779.422863406,0.0
665.0,-692.820323028,0.0
915.0,519.615242271,0.0
-360.0,303.108891325,0.0
-435.0,7.958e-13,0.0
-210.0,-822.724133595,0.0
315.0,259.807621135,0.0
-685.0,952.627944163,0.0
-660.0,-389.711431703,0.0
-810.0,-43.3012701892,0.0
-510.0,-995.929214352,0.0
390.0,-389.711431703,0.0
-210.0,562.91651246,0.0
-360.0,-649.519052838,0.0
590.0,822.724133595,0.0
440.0,-562.91651246,0.0
-760.0,476.313972081,0.0
665.0,779.422863406,0.0
365.0,-866.025403784,0.0
-660.0,-562.91651246,0.0
590.0,216.506350946,0.0
65.0,692.820323028,0.0
90.0,-476.313972081,0.0
-735.0,-346.410161514,0.0
-60.0,-43.3012701892,0.0
-585.0,-346.410161514,0.0
590.0,-216.506350946,0.0
90.0,-649.519052838,0.0
-960.0,129.903810568,0.0
-235.0,-952.627944163,0.0
390.0,-909.326673974,0.0
590.0,389.711431703,0.0
-310.0,-476.313972081,0.0
-535.0,-259.807621135,0.0
965.0,433.012701892,0.0
-160.0,-822.724133595,0.0
-435.0,-606.217782649,0.0
-810.0,43.3012701892,0.0
540.0,-129.903810568,0.0
-910.0,649.519052838,0.0
-585.0,-866.025403784,0.0
-460.0,129.903810568,0.0
390.0,-216.506350946,0.0
-685.0,-86.6025403784,0.0
215.0,173.205080757,0.0
-810.0,389.711431703,0.0
365.0,173.205080757,0.0
465.0,-259.807621135,0.0
240.0,389.711431703,0.0
-210.0,-476.313972081,0.0
-60.0,909.326673974,0.0
840.0,-476.313972081,0.0
-460.0,995.929214352,0.0
915.0,866.025403784,0.0
390.0,-822.724133595,0.0
-460.0,822.724133595,0.0
-60.0,-822.724133595,0.0
-10.0,43.3012701892,0.0
-360.0,736.121593217,0.0
15.0,-173.205080757,0.0
240.0,-129.903810568,0.0
-235.0,-519.615242271,0.0
-360.0,476.313972081,0.0
690.0,-43.3012701892,0.0
-210.0,-216.506350946,0.0
965.0,692.820323028,0.0
-235.0,-692.820323028,0.0
315.0,433.012701892,0.0
840.0,389.711431703,0.0
15.0,606.217782649,0.0
-835.0,346.410161514,0.0
140.0,909.326673974,0.0
-460.0,649.519052838,0.0
-460.0,-129.903810568,0.0
-885.0,779.422863406,0.0
-910.0,-216.506350946,0.0
-285.0,606.217782649,0.0
990.0,389.711431703,0.0
90.0,736.121593217,0.0
590.0,216.506350946,0.0
815.0,952.627944163,0.0
-210.0,909.326673974,0.0
465.0,-5.684e-13,0.0
-685.0,-952.627944163,0.0
-735.0,-779.422863406,0.0
-660.0,129.903810568,0.0
-760.0,-216.506350946,0.0
-735.0,-173.205080757,0.0
65.0,259.807621135,0.0
-160.0,216.506350946,0.0
665.0,-606.217782649,0.0
-285.0,519.615242271,0.0
-460.0,-736.121593217,0.0
740.0,476.313972081,0.0
90.0,909.326673974,0.0
240.0,216.506350946,0.0
290.0,-303.108891325,0.0
-660.0,-129.903810568,0.0
215.0,606.217782649,0.0
-460.0,-476.313972081,0.0
140.0,822.724133595,0.0
915.0,-952.627944163,0.0
-285.0,-519.615242271,0.0
-285.0,-692.820323028,0.0
-910.0,-303.108891325,0.0
-735.0,259.807621135,0.0
-460.0,-216.506350946,0.0
-835.0,86.6025403784,0.0
-960.0,-562.91651246,0.0
15.0,952.627944163,0.0
-285.0,173.205080757,0.0
-85.0,606.217782649,0.0
365.0,866.025403784,0.0
-660.0,-389.711431703,0.0
-310.0,43.3012701892,0.0
140.0,476.313972081,0.0
165.0,-2.274e-13,0.0
890.0,562.91651246,0.0
-610.0,-562.91651246,0.0
-310.0,129.903810568,0.0
540.0,129.903810568,0.0
-610.0,389.711431703,0.0
-385.0,259.807621135,0.0
-760.0,-476.313972081,0.0
-435.0,-173.205080757,0.0
-585.0,-519.615242271,0.0
-160.0,822.724133595,0.0
-360.0,-303.108891325,0.0
765.0,-173.205080757,0.0
-685.0,346.410161514,0.0
-360.0,303.108891325,0.0
815.0,606.217782649,0.0
-535.0,346.410161514,0.0
-210.0,-303.108891325,0.0
-360.0,822.724133595,0.0
-910.0,303.108891325,0.0
-60.0,-389.711431703,0.0
-510.0,389.711431703,0.0
-535.0,7.958e-13,0.0
-810.0,-909.326673974,0.0
365.0,606.217782649,0.0
965.0,866.025403784,0.0
-835.0,-866.025403784,0.0
140.0,-822.724133595,0.0
840.0,822.724133595,0.0
540.0,216.506350946,0.0
515.0,779.422863406,0.0
-585.0,606.217782649,0.0
-285.0,259.807621135,0.0
290.0,649.519052838,0.0
315.0,-346.410161514,0.0
-610.0,-129.903810568,0.0
-610.0,-476.313972081,0.0
890.0,-736.121593217,0.0
765.0,-86.6025403784,0.0
90.0,216.506350946,0.0
-135.0,-606.217782649,0.0
165.0,-259.807621135,0.0
690.0,649.519052838,0.0
915.0,259.807621135,0.0
840.0,-649.519052838,0.0
-810.0,389.711431703,0.0
-610.0,-389.711431703,0.0
165.0,606.217782649,0.0
-160.0,649.519052838,0.0
540.0,736.121593217,0.0
-85.0,-692.820323028,0.0
315.0,-952.627944163,0.0
815.0,519.615242271,0.0
-610.0,216.506350946,0.0
590.0,-822.724133595,0.0
440.0,-822.724133595,0.0
-285.0,779.422863406,0.0
615.0,-433.012701892,0.0
-460.0,-736.121593217,0.0
515.0,-433.012701892,0.0
765.0,-346.410161514,0.0
840.0,822.724133595,0.0
965.0,-692.820323028,0.0
-10.0,736.121593217,0.0
-310.0,736.121593217,0.0
-510.0,649.519052838,0.0
-385.0,-606.217782649,0.0
515.0,-173.205080757,0.0
-85.0,-779.422863406,0.0
665.0,-259.807621135,0.0
-985.0,433.012701892,0.0
765.0,259.807621135,0.0
990.0,-736.121593217,0.0
365.0,-606.217782649,0.0
165.0,-692.820323028,0.0
615.0,-86.6025403784,0.0
-835.0,-952.627944163,0.0
-160.0,736.121593217,0.0
-610.0,-389.711431703,0.0
-285.0,-346.410161514,0.0
-960.0,562.91651246,0.0
-235.0,866.025403784,0.0
240.0,303.108891325,0.0
740.0,822.724133595,0.0
890.0,-129.903810568,0.0
-735.0,-173.205080757,0.0
-660.0,-216.506350946,0.0
990.0,476.313972081,0.0
990.0,216.506350946,0.0
-210.0,43.3012701892,0.0
690.0,562.91651246,0.0
-885.0,1.2506e-12,0.0
665.0,779.422863406,0.0
290.0,-129.903810568,0.0
-60.0,-649.519052838,0.0
-760.0,-909.326673974,0.0
390.0,562.91651246,0.0
-510.0,-43.3012701892,0.0
-10.0,-736.121593217,0.0
-610.0,909.326673974,0.0
765.0,952.627944163,0.0
915.0,-259.807621135,0.0
-510.0,822.724133595,0.0
-510.0,-389.711431703,0.0
-85.0,779.422863406,0.0
-135.0,433.012701892,0.0
-385.0,-433.012701892,0.0
290.0,562.91651246,0.0
90.0,389.711431703,0.0
-810.0,-822.724133595,0.0
690.0,822.724133595,0.0
-360.0,43.3012701892,0.0
-910.0,303.108891325,0.0
-960.0,-995.929214352,0.0
815.0,-86.6025403784,0.0
-510.0,-822.724133595,0.0
140.0,-389.711431703,0.0
-735.0,-433.012701892,0.0
165.0,173.205080757,0.0
-360.0,562.91651246,0.0
140.0,-562.91651246,0.0
-285.0,692.820323028,0.0
-160.0,-562.91651246,0.0
615.0,519.615242271,0.0
140.0,216.506350946,0.0
615.0,173.205080757,0.0
140.0,-476.313972081,0.0
-835.0,-346.410161514,0.0
590.0,389.711431703,0.0
740.0,-389.711431703,0.0
-10.0,-129.903810568,0.0
-685.0,-866.025403784,0.0
840.0,476.313972081,0.0
240.0,-909.326673974,0.0
740.0,303.108891325,0.0
-235.0,86.6025403784,0.0
-810.0,-216.506350946,0.0
765.0,-866.025403784,0.0
915.0,-692.820323028,0.0
-160.0,562.91651246,0.0
965.0,346.410161514,0.0
740.0,-909.326673974,0.0
365.0,692.820323028,0.0
-210.0,-216.506350946,0.0
-60.0,-736.121593217,0.0
-760.0,-995.929214352,0.0
-535.0,-519.615242271,0.0
-435.0,346.410161514,0.0
365.0,-86.6025403784,0.0
465.0,3.411e-13,0.0
915.0,433.012701892,0.0
-10.0,-822.724133595,0.0
165.0,-259.807621135,0.0
540.0,-303.108891325,0.0
390.0,-389.711431703,0.0
365.0,-779.422863406,0.0
665.0,346.410161514,0.0
765.0,-1.0232e-12,0.0
-10.0,389.711431703,0.0
-585.0,-173.205080757,0.0
840.0,736.121593217,0.0
615.0,86.6025403784,0.0
290.0,-43.3012701892,0.0
-910.0,-43.3012701892,0.0
-285.0,-259.807621135,0.0
840.0,-736.121593217,0.0
-660.0,562.91651246,0.0
-510.0,-649.519052838,0.0
140.0,129.903810568,0.0
15.0,-779.422863406,0.0
-960.0,-649.519052838,0.0
540.0,822.724133595,0.0
-685.0,-173.205080757,0.0
765.0,259.807621135,0.0
-360.0,129.903810568,0.0
890.0,736.121593217,0.0
-385.0,433.012701892,0.0
-735.0,433.012701892,0.0
-510.0,736.121593217,0.0
-685.0,-692.820323028,0.0
-585.0,-606.217782649,0.0
815.0,-606.217782649,0.0
-610.0,-909.326673974,0.0
890.0,562.91651246,0.0
65.0,-779.422863406,0.0
365.0,-519.615242271,0.0
290.0,-562.91651246,0.0
540.0,476.313972081,0.0
-535.0,-433.012701892,0.0
665.0,-692.820323028,0.0
-535.0,346.410161514,0.0
-460.0,562.91651246,0.0
-610.0,909.326673974,0.0
365.0,-173.205080757,0.0
440.0,389.711431703,0.0
-810.0,129.903810568,0.0
-660.0,129.903810568,0.0
590.0,-649.519052838,0.0
990.0,129.903810568,0.0
990.0,649.519052838,0.0
240.0,-303.108891325,0.0
-610.0,-736.121593217,0.0
665.0,866.025403784,0.0
-10.0,-562.91651246,0.0
-235.0,-173.205080757,0.0
-910.0,476.313972081,0.0
290.0,-43.3012701892,0.0
315.0,-606.217782649,0.0
590.0,909.326673974,0.0
390.0,-129.903810568,0.0
240.0,649.519052838,0.0
515.0,952.627944163,0.0
-535.0,-779.422863406,0.0
-310.0,649.519052838,0.0
-235.0,-259.807621135,0.0
815.0,-779.422863406,0.0
-735.0,866.025403784,0.0
665.0,-952.627944163,0.0
-10.0,43.3012701892,0.0
540.0,476.313972081,0.0
-160.0,-736.121593217,0.0
-60.0,303.108891325,0.0
-910.0,-43.3012701892,0.0
65.0,866.025403784,0.0
390.0,822.724133595,0.0
-585.0,-173.205080757,0.0
-810.0,303.108891325,0.0
-535.0,-606.217782649,0.0
-535.0,259.807621135,0.0
-85.0,173.205080757,0.0
-435.0,866.025403784,0.0
-285.0,779.422863406,0.0
-885.0,-692.820323028,0.0
-60.0,-909.326673974,0.0
-760.0,476.313972081,0.0
965.0,866.025403784,0.0
-585.0,-519.615242271,0.0
-685.0,1.0232e-12,0.0
-910.0,389.711431703,0.0
65.0,173.205080757,0.0
390.0,909.326673974,0.0
890.0,-303.108891325,0.0
965.0,-173.205080757,0.0
165.0,952.627944163,0.0
840.0,-129.903810568,0.0
-960.0,-389.711431703,0.0
-610.0,-43.3012701892,0.0
-285.0,519.615242271,0.0
365.0,-173.205080757,0.0
465.0,-519.615242271,0.0
-60.0,216.506350946,0.0
815.0,519.615242271,0.0
240.0,-389.711431703,0.0
-360.0,736.121593217,0.0
-385.0,-173.205080757,0.0
740.0,-43.3012701892,0.0
740.0,736.121593217,0.0
740.0,-822.724133595,0.0
-210.0,-909.326673974,0.0
440.0,909.326673974,0.0
65.0,433.012701892,0.0
315.0,346.410161514,0.0
590.0,129.903810568,0.0
-10.0,649.519052838,0.0
815.0,-692.820323028,0.0
-310.0,-649.519052838,0.0
-910.0,-476.313972081,0.0
165.0,173.205080757,0.0
-310.0,822.724133595,0.0
590.0,-736.121593217,0.0
-760.0,995.929214352,0.0
65.0,519.615242271,0.0
-685.0,-606.217782649,0.0
440.0,-649.519052838,0.0
-585.0,-692.820323028,0.0
390.0,-909.326673974,0.0
-360.0,-389.711431703,0.0
515.0,-779.422863406,0.0
540.0,909.326673974,0.0
-160.0,43.3012701892,0.0
540.0,-822.724133595,0.0
540.0,562.91651246,0.0
915.0,-433.012701892,0.0
840.0,-476.313972081,0.0
-10.0,562.91651246,0.0
-535.0,952.627944163,0.0
665.0,-866.025403784,0.0
65.0,9.095e-13,0.0
-435.0,5.685e-13,0.0
-735.0,779.422863406,0.0
740.0,-43.3012701892,0.0
-135.0,4.548e-13,0.0
390.0,476.313972081,0.0
965.0,173.205080757,0.0
140.0,649.519052838,0.0
-10.0,-43.3012701892,0.0
-435.0,519.615242271,0.0
815.0,-259.807621135,0.0
165.0,866.025403784,0.0
-360.0,822.724133595,0.0
-960.0,822.724133595,0.0
990.0,-216.506350946,0.0
-135.0,86.6025403784,0.0
-835.0,-606.217782649,0.0
-235.0,4.548e-13,0.0
-210.0,43.3012701892,0.0
-510.0,476.313972081,0.0
-10.0,-216.506350946,0.0
590.0,303.108891325,0.0
-885.0,-259.807621135,0.0
365.0,346.410161514,0.0
-835.0,-692.820323028,0.0
915.0,86.6025403784,0.0
-760.0,216.506350946,0.0
90.0,-476.313972081,0.0
-310.0,649.519052838,0.0
-285.0,346.410161514,0.0
590.0,43.3012701892,0.0
540.0,-216.506350946,0.0
-585.0,1.819e-12,0.0
240.0,-736.121593217,0.0
-10.0,216.506350946,0.0
765.0,173.205080757,0.0
-160.0,-649.519052838,0.0
740.0,43.3012701892,0.0
915.0,346.410161514,0.0
-160.0,-129.903810568,0.0
590.0,-822.724133595,0.0
240.0,736.121593217,0.0
815.0,-433.012701892,0.0
15.0,259.807621135,0.0
-460.0,649.519052838,0.0
-885.0,2.2738e-12,0.0
-810.0,995.929214352,0.0
440.0,-303.108891325,0.0
690.0,-129.903810568,0.0
965.0,-779.422863406,0.0
-510.0,-476.313972081,0.0
-385.0,692.820323028,0.0
915.0,-952.627944163,0.0
-535.0,-86.6025403784,0.0
440.0,216.506350946,0.0
-60.0,-995.929214352,0.0
690.0,-43.3012701892,0.0
-285.0,-86.6025403784,0.0
-835.0,86.6025403784,0.0
90.0,-389.711431703,0.0
65.0,433.012701892,0.0
515.0,692.820323028,0.0
-810.0,-649.519052838,0.0
15.0,173.205080757,0.0
90.0,-562.91651246,0.0
90.0,562.91651246,0.0
-810.0,-562.91651246,0.0
365.0,866.025403784,0.0
240.0,43.3012701892,0.0
465.0,-952.627944163,0.0
-235.0,519.615242271,0.0
-10.0,-129.903810568,0.0
-385.0,-692.820323028,0.0
-910.0,43.3012701892,0.0
-960.0,995.929214352,0.0
-760.0,736.121593217,0.0
-660.0,389.711431703,0.0
140.0,995.929214352,0.0
-510.0,-303.108891325,0.0
990.0,-909.326673974,0.0
-760.0,-476.313972081,0.0
615.0,173.205080757,0.0
-960.0,-216.506350946,0.0
515.0,346.410161514,0.0
140.0,-43.3012701892,0.0
740.0,303.108891325,0.0
-735.0,-692.820323028,0.0
-760.0,562.91651246,0.0
-160.0,129.903810568,0.0
690.0,-389.711431703,0.0
440.0,909.326673974,0.0
-310.0,822.724133595,0.0
515.0,3.411e-13,0.0
590.0,649.519052838,0.0
315.0,-259.807621135,0.0
-10.0,-43.3012701892,0.0
465.0,-779.422863406,0.0
-10.0,995.929214352,0.0
-985.0,-866.025403784,0.0
515.0,-346.410161514,0.0
-135.0,952.627944163,0.0
-10.0,-822.724133595,0.0
915.0,-519.615242271,0.0
-960.0,216.506350946,0.0
-535.0,173.205080757,0.0
-310.0,389.711431703,0.0
-285.0,-259.807621135,0.0
-160.0,476.313972081,0.0
665.0,-346.410161514,0.0
215.0,-259.807621135,0.0
-135.0,-346.410161514,0.0
615.0,779.422863406,0.0
-660.0,-43.3012701892,0.0
-285.0,-86.6025403784,0.0
915.0,779.422863406,0.0
690.0,736.121593217,0.0
-810.0,909.326673974,0.0
-735.0,259.807621135,0.0
615.0,519.615242271,0.0
-85.0,433.012701892,0.0
-535.0,-433.012701892,0.0
-235.0,259.807621135,0.0
315.0,606.217782649,0.0
465.0,-692.820323028,0.0
315.0,86.6025403784,0.0
440.0,216.506350946,0.0
-735.0,-866.025403784,0.0
440.0,-43.3012701892,0.0
515.0,-519.615242271,0.0
-435.0,519.615242271,0.0
-660.0,216.506350946,0.0
-310.0,736.121593217,0.0
290.0,129.903810568,0.0
-10.0,43.3012701892,0.0
965.0,-346.410161514,0.0
665.0,-606.217782649,0.0
-810.0,-216.506350946,0.0
315.0,-866.025403784,0.0
-135.0,-952.627944163,0.0
-810.0,-736.121593217,0.0
-235.0,-779.422863406,0.0
540.0,-909.326673974,0.0
-735.0,952.627944163,0.0
-685.0,-259.807621135,0.0
215.0,-692.820323028,0.0
665.0,779.422863406,0.0
-585.0,173.205080757,0.0
90.0,-43.3012701892,0.0
465.0,86.6025403784,0.0
315.0,606.217782649,0.0
890.0,-43.3012701892,0.0
-60.0,-129.903810568,0.0
-535.0,259.807621135,0.0
915.0,-433.012701892,0.0
-310.0,43.3012701892,0.0
-385.0,1.4779e-12,0.0
515.0,606.217782649,0.0
465.0,692.820323028,0.0
-210.0,303.108891325,0.0
840.0,43.3012701892,0.0
-85.0,-173.205080757,0.0
590.0,303.108891325,0.0
215.0,-173.205080757,0.0
-385.0,259.807621135,0.0
965.0,952.627944163,0.0
290.0,909.326673974,0.0
915.0,-86.6025403784,0.0
15.0,-866.025403784,0.0
-885.0,-259.807621135,0.0
-10.0,822.724133595,0.0
-135.0,-433.012701892,0.0
-685.0,1.9327e-12,0.0
-60.0,129.903810568,0.0
-510.0,-822.724133595,0.0
590.0,-129.903810568,0.0
615.0,173.205080757,0.0
-885.0,606.217782649,0.0
290.0,649.519052838,0.0
-135.0,86.6025403784,0.0
-135.0,346.410161514,0.0
-135.0,-779.422863406,0.0
-435.0,-173.205080757,0.0
65.0,433.012701892,0.0
390.0,216.506350946,0.0
-660.0,-909.326673974,0.0
515.0,-519.615242271,0.0
365.0,259.807621135,0.0
590.0,562.91651246,0.0
-985.0,779.422863406,0.0
590.0,736.121593217,0.0
915.0,952.627944163,0.0
-235.0,952.627944163,0.0
465.0,519.615242271,0.0
365.0,-346.410161514,0.0
390.0,303.108891325,0.0
290.0,303.108891325,0.0
-385.0,-952.627944163,0.0
-85.0,86.6025403784,0.0
890.0,-736.121593217,0.0
-160.0,-43.3012701892,0.0
-85.0,-606.217782649,0.0
665.0,-259.807621135,0.0
690.0,-649.519052838,0.0
-835.0,779.422863406,0.0
-585.0,-779.422863406,0.0
390.0,562.91651246,0.0
-360.0,995.929214352,0.0
-885.0,519.615242271,0.0
315.0,-433.012701892,0.0
-585.0,-86.6025403784,0.0
-685.0,-519.615242271,0.0
-135.0,-433.012701892,0.0
540.0,-822.724133595,0.0
-135.0,-346.410161514,0.0
-685.0,173.205080757,0.0
-685.0,-692.820323028,0.0
-285.0,866.025403784,0.0
315.0,173.205080757,0.0
540.0,129.903810568,0.0
740.0,-216.506350946,0.0
-685.0,779.422863406,0.0
840.0,649.519052838,0.0
440.0,303.108891325,0.0
65.0,-259.807621135,0.0
990.0,216.506350946,0.0
-210.0,736.121593217,0.0
465.0,866.025403784,0.0
-385.0,-259.807621135,0.0
140.0,43.3012701892,0.0
890.0,-909.326673974,0.0
-60.0,649.519052838,0.0
315.0,606.217782649,0.0
65.0,952.627944163,0.0
-85.0,-779.422863406,0.0
240.0,562.91651246,0.0
-460.0,-389.711431703,0.0
-535.0,779.422863406,0.0
-910.0,562.91651246,0.0
-85.0,2.274e-13,0.0
-910.0,129.903810568,0.0
-85.0,-866.025403784,0.0
15.0,346.410161514,0.0
-735.0,-346.410161514,0.0
965.0,-606.217782649,0.0
-660.0,-909.326673974,0.0
-435.0,86.6025403784,0.0
740.0,303.108891325,0.0
-210.0,389.711431703,0.0
-735.0,-173.205080757,0.0
-760.0,-822.724133595,0.0
-885.0,433.012701892,0.0
-60.0,-649.519052838,0.0
-460.0,-129.903810568,0.0
-310.0,-909.326673974,0.0
-985.0,-173.205080757,0.0
-10.0,-736.121593217,0.0
590.0,-129.903810568,0.0
-760.0,562.91651246,0.0
515.0,692.820323028,0.0
-435.0,779.422863406,0.0
90.0,649.519052838,0.0
-535.0,-866.025403784,0.0
-835.0,-173.205080757,0.0
-235.0,7.958e-13,0.0
-960.0,-822.724133595,0.0
815.0,952.627944163,0.0
-835.0,952.627944163,0.0
540.0,649.519052838,0.0
15.0,779.422863406,0.0
365.0,-692.820323028,0.0
-360.0,-822.724133595,0.0
365.0,-779.422863406,0.0
240.0,-476.313972081,0.0
-760.0,-649.519052838,0.0
-885.0,-173.205080757,0.0
890.0,649.519052838,0.0
-160.0,562.91651246,0.0
740.0,216.506350946,0.0
440.0,562.91651246,0.0
-985.0,-519.615242271,0.0
-960.0,822.724133595,0.0
615.0,-952.627944163,0.0
-235.0,692.820323028,0.0
465.0,-3.41e-13,0.0
-585.0,-173.205080757,0.0
740.0,216.506350946,0.0
840.0,-995.929214352,0.0
-585.0,519.615242271,0.0
140.0,-736.121593217,0.0
315.0,5.685e-13,0.0
-735.0,-606.217782649,0.0
390.0,-909.326673974,0.0
-460.0,-822.724133595,0.0
690.0,-43.3012701892,0.0
-360.0,129.903810568,0.0
-285.0,692.820323028,0.0
665.0,-173.205080757,0.0
890.0,216.506350946,0.0
-85.0,433.012701892,0.0
515.0,779.422863406,0.0
665.0,-519.615242271,0.0
440.0,995.929214352,0.0
965.0,259.807621135,0.0
-760.0,389.711431703,0.0
590.0,-43.3012701892,0.0
-835.0,692.820323028,0.0
65.0,-259.807621135,0.0
-510.0,-649.519052838,0.0
665.0,519.615242271,0.0
740.0,43.3012701892,0.0
840.0,-43.3012701892,0.0
-360.0,-476.313972081,0.0
15.0,-259.807621135,0.0
215.0,1.137e-13,0.0
540.0,-389.711431703,0.0
65.0,-606.217782649,0.0
290.0,562.91651246,0.0
-460.0,-216.506350946,0.0
-460.0,389.711431703,0.0
-885.0,-952.627944163,0.0
965.0,433.012701892,0.0
590.0,-736.121593217,0.0
890.0,-822.724133595,0.0
-85.0,-606.217782649,0.0
915.0,-346.410161514,0.0
90.0,476.313972081,0.0
540.0,-216.506350946,0.0
-210.0,-649.519052838,0.0
615.0,866.025403784,0.0
990.0,-736.121593217,0.0
-235.0,-692.820323028,0.0
-85.0,866.025403784,0.0
-460.0,43.3012701892,0.0
-660.0,129.903810568,0.0
615.0,-692.820323028,0.0
815.0,-866.025403784,0.0
-435.0,866.025403784,0.0
890.0,43.3012701892,0.0
-435.0,-433.012701892,0.0
-610.0,-303.108891325,0.0
815.0,-173.205080757,0.0
140.0,389.711431703,0.0
440.0,-389.711431703,0.0
-885.0,1.4779e-12,0.0
315.0,-519.615242271,0.0
890.0,-562.91651246,0.0
740.0,-476.313972081,0.0
-385.0,779.422863406,0.0
15.0,346.410161514,0.0
-885.0,259.807621135,0.0
615.0,779.422863406,0.0
140.0,389.711431703,0.0
-835.0,-259.807621135,0.0
-385.0,-779.422863406,0.0
90.0,-736.121593217,0.0
-610.0,822.724133595,0.0
215.0,6.821e-13,0.0
840.0,-303.108891325,0.0
815.0,-259.807621135,0.0
890.0,822.724133595,0.0
-510.0,-736.121593217,0.0
840.0,-562.91651246,0.0
-360.0,-562.91651246,0.0
215.0,346.410161514,0.0
-610.0,476.313972081,0.0
-385.0,519.615242271,0.0
390.0,-303.108891325,0.0
965.0,692.820323028,0.0
540.0,216.506350946,0.0
-310.0,-43.3012701892,0.0
-535.0,779.422863406,0.0
-285.0,866.025403784,0.0
-60.0,-389.711431703,0.0
-385.0,173.205080757,0.0
315.0,-86.6025403784,0.0
740.0,-476.313972081,0.0
765.0,86.6025403784,0.0
215.0,-779.422863406,0.0
-360.0,-736.121593217,0.0
-460.0,303.108891325,0.0
65.0,259.807621135,0.0
-85.0,519.615242271,0.0
165.0,-173.205080757,0.0
965.0,-692.820323028,0.0
-10.0,129.903810568,0.0
-885.0,433.012701892,0.0
-285.0,-173.205080757,0.0
915.0,-259.807621135,0.0
540.0,-389.711431703,0.0
140.0,-43.3012701892,0.0
-960.0,-129.903810568,0.0
140.0,216.506350946,0.0
665.0,86.6025403784,0.0
690.0,-822.724133595,0.0
-10.0,303.108891325,0.0
665.0,-86.6025403784,0.0
-985.0,1.4779e-12,0.0
-910.0,129.903810568,0.0
840.0,-216.506350946,0.0
540.0,-995.929214352,0.0
90.0,-562.91651246,0.0
165.0,-692.820323028,0.0
-210.0,-389.711431703,0.0
290.0,389.711431703,0.0
-910.0,562.91651246,0.0
240.0,-822.724133595,0.0
665.0,-173.205080757,0.0
-210.0,-909.326673974,0.0
-735.0,519.615242271,0.0
965.0,-433.012701892,0.0
-760.0,-216.506350946,0.0
-535.0,-86.6025403784,0.0
240.0,995.929214352,0.0
165.0,-346.410161514,0.0
-460.0,-476.313972081,0.0
-235.0,779.422863406,0.0
240.0,-736.121593217,0.0
15.0,-606.217782649,0.0
165.0,-173.205080757,0.0
-385.0,346.410161514,0.0
-285.0,-606.217782649,0.0
15.0,259.807621135,0.0
290.0,-649.519052838,0.0
-885.0,-86.6025403784,0.0
990.0,-909.326673974,0.0
-910.0,562.91651246,0.0
-360.0,-389.711431703,0.0
-960.0,562.91651246,0.0
465.0,-433.012701892,0.0
-660.0,476.313972081,0.0
390.0,995.929214352,0.0
740.0,649.519052838,0.0
840.0,-822.724133595,0.0
465.0,606.217782649,0.0
465.0,-433.012701892,0.0
-685.0,692.820323028,0.0
-685.0,519.615242271,0.0
915.0,173.205080757,0.0
965.0,-866.025403784,0.0
-535.0,866.025403784,0.0
-960.0,303.108891325,0.0
15.0,-692.820323028,0.0
-85.0,-259.807621135,0.0
-960.0,129.903810568,0.0
-360.0,-476.313972081,0.0
-610.0,822.724133595,0.0
-160.0,649.519052838,0.0
-85.0,-433.012701892,0.0
740.0,389.711431703,0.0
90.0,562.91651246,0.0
-760.0,389.711431703,0.0
315.0,-433.012701892,0.0
-610.0,-303.108891325,0.0
740.0,-736.121593217,0.0
315.0,952.627944163,0.0
740.0,476.313972081,0.0
215.0,-433.012701892,0.0
815.0,433.012701892,0.0
240.0,-562.91651246,0.0
-385.0,866.025403784,0.0
765.0,-433.012701892,0.0
-210.0,-562.91651246,0.0
-510.0,43.3012701892,0.0
290.0,562.91651246,0.0
740.0,-995.929214352,0.0
-135.0,346.410161514,0.0
-685.0,-259.807621135,0.0
-510.0,216.506350946,0.0
-385.0,-606.217782649,0.0
515.0,-86.6025403784,0.0
365.0,866.025403784,0.0
765.0,-866.025403784,0.0
-585.0,606.217782649,0.0
615.0,259.807621135,0.0
-135.0,-779.422863406,0.0
215.0,-519.615242271,0.0
165.0,779.422863406,0.0
-435.0,1.5916e-12,0.0
890.0,389.711431703,0.0
-310.0,-995.929214352,0.0
765.0,-779.422863406,0.0
-960.0,-649.519052838,0.0
390.0,-562.91651246,0.0
-360.0,-562.91651246,0.0
-885.0,-779.422863406,0.0
290.0,-476.313972081,0.0
465.0,86.6025403784,0.0
315.0,952.627944163,0.0
965.0,-3.41e-13,0.0
-135.0,-346.410161514,0.0
965.0,346.410161514,0.0
440.0,-995.929214352,0.0
665.0,259.807621135,0.0
-460.0,909.326673974,0.0
215.0,692.820323028,0.0
-735.0,779.422863406,0.0
240.0,-562.91651246,0.0
-235.0,173.205080757,0.0
-135.0,-866.025403784,0.0
290.0,-909.326673974,0.0
740.0,-43.3012701892,0.0
465.0,779.422863406,0.0
-510.0,43.3012701892,0.0
465.0,519.615242271,0.0
465.0,433.012701892,0.0
890.0,-822.724133595,0.0
165.0,-606.217782649,0.0
990.0,-389.711431703,0.0
515.0,173.205080757,0.0
590.0,389.711431703,0.0
-135.0,606.217782649,0.0
-10.0,909.326673974,0.0
515.0,86.6025403784,0.0
-210.0,995.929214352,0.0
590.0,649.519052838,0.0
365.0,-259.807621135,0.0
815.0,866.025403784,0.0
-160.0,-129.903810568,0.0
890.0,303.108891325,0.0
540.0,-476.313972081,0.0
-685.0,-433.012701892,0.0
-885.0,433.012701892,0.0
-135.0,173.205080757,0.0
15.0,-519.615242271,0.0
615.0,-866.025403784,0.0
665.0,-779.422863406,0.0
-60.0,-303.108891325,0.0
165.0,952.627944163,0.0
690.0,303.108891325,0.0
615.0,-86.6025403784,0.0
-510.0,389.711431703,0.0
815.0,-779.422863406,0.0
-85.0,-866.025403784,0.0
615.0,-259.807621135,0.0
-735.0,86.6025403784,0.0
-135.0,-692.820323028,0.0
690.0,43.3012701892,0.0
-835.0,-173.205080757,0.0
-735.0,519.615242271,0.0
290.0,822.724133595,0.0
440.0,822.724133595,0.0
-835.0,-519.615242271,0.0
-285.0,952.627944163,0.0
540.0,-736.121593217,0.0
-810.0,-216.506350946,0.0
965.0,-346.410161514,0.0
590.0,-303.108891325,0.0
-910.0,-736.121593217,0.0
465.0,-519.615242271,0.0
515.0,952.627944163,0.0
-160.0,129.903810568,0.0
-10.0,649.519052838,0.0
465.0,259.807621135,0.0
65.0,866.025403784,0.0
-535.0,433.012701892,0.0
15.0,-86.6025403784,0.0
815.0,-606.217782649,0.0
-210.0,216.506350946,0.0
-60.0,-476.313972081,0.0
-510.0,-736.121593217,0.0
390.0,649.519052838,0.0
-160.0,476.313972081,0.0
-435.0,-519.615242271,0.0
765.0,-692.820323028,0.0
65.0,-866.025403784,0.0
15.0,2.274e-13,0.0
-535.0,-433.012701892,0.0
-510.0,129.903810568,0.0
-760.0,649.519052838,0.0
815.0,-779.422863406,0.0
-685.0,259.807621135,0.0
-160.0,389.711431703,0.0
815.0,692.820323028,0.0
440.0,-909.326673974,0.0
390.0,736.121593217,0.0
15.0,519.615242271,0.0
-810.0,-909.326673974,0.0
440.0,389.711431703,0.0
740.0,649.519052838,0.0
365.0,-433.012701892,0.0
840.0,216.506350946,0.0
-685.0,-779.422863406,0.0
-960.0,-43.3012701892,0.0
690.0,-476.313972081,0.0
165.0,-173.205080757,0.0
-360.0,129.903810568,0.0
215.0,-606.217782649,0.0
-160.0,-562.91651246,0.0
965.0,86.6025403784,0.0
65.0,86.6025403784,0.0
-610.0,-822.724133595,0.0
-685.0,86.6025403784,0.0
90.0,-649.519052838,0.0
-435.0,-519.615242271,0.0
-210.0,822.724133595,0.0
-835.0,-173.205080757,0.0
-285.0,86.6025403784,0.0
-685.0,866.025403784,0.0
-910.0,822.724133595,0.0
990.0,-476.313972081,0.0
-310.0,-389.711431703,0.0
-835.0,-866.025403784,0.0
890.0,476.313972081,0.0
615.0,433.012701892,0.0
-235.0,-779.422863406,0.0
-310.0,649.519052838,0.0
-910.0,-909.326673974,0.0
540.0,-216.506350946,0.0
765.0,-952.627944163,0.0
690.0,-129.903810568,0.0
-85.0,-346.410161514,0.0
-810.0,-822.724133595,0.0
-685.0,-173.205080757,0.0
-810.0,649.519052838,0.0
765.0,779.422863406,0.0
465.0,-346.410161514,0.0
-235.0,779.422863406,0.0
-435.0,-952.627944163,0.0
-910.0,389.711431703,0.0
-885.0,-952.627944163,0.0
-510.0,736.121593217,0.0
140.0,-129.903810568,0.0
-435.0,346.410161514,0.0
-60.0,-303.108891325,0.0
240.0,-216.506350946,0.0
-135.0,-519.615242271,0.0
165.0,259.807621135,0.0
990.0,-649.519052838,0.0
540.0,-43.3012701892,0.0
-285.0,-779.422863406,0.0
465.0,-173.205080757,0.0
540.0,909.326673974,0.0
-85.0,-346.410161514,0.0
465.0,866.025403784,0.0
-685.0,-692.820323028,0.0
-585.0,-86.6025403784,0.0
540.0,-562.91651246,0.0
90.0,-822.724133595,0.0
65.0,606.217782649,0.0
15.0,-173.205080757,0.0
290.0,216.506350946,0.0
240.0,822.724133595,0.0
765.0,-433.012701892,0.0
-535.0,-346.410161514,0.0
-360.0,562.91651246,0.0
-160.0,736.121593217,0.0
165.0,-952.627944163,0.0
90.0,129.903810568,0.0
540.0,562.91651246,0.0
215.0,692.820323028,0.0
-360.0,649.519052838,0.0
765.0,-346.410161514,0.0
240.0,389.711431703,0.0
-85.0,606.217782649,0.0
-660.0,389.711431703,0.0
765.0,866.025403784,0.0
140.0,-909.326673974,0.0
290.0,-562.91651246,0.0
65.0,259.807621135,0.0
-10.0,476.313972081,0.0
515.0,-866.025403784,0.0
-310.0,216.506350946,0.0
65.0,-692.820323028,0.0
-360.0,389.711431703,0.0
365.0,4.548e-13,0.0
-10.0,129.903810568,0.0
465.0,86.6025403784,0.0
215.0,86.6025403784,0.0
-235.0,692.820323028,0.0
215.0,-606.217782649,0.0
915.0,606.217782649,0.0
-810.0,129.903810568,0.0
965.0,433.012701892,0.0
515.0,-952.627944163,0.0
90.0,822.724133595,0.0
665.0,433.012701892,0.0
290.0,-43.3012701892,0.0
-210.0,303.108891325,0.0
965.0,-259.807621135,0.0
165.0,259.807621135,0.0
-510.0,-216.506350946,0.0
665.0,692.820323028,0.0
440.0,736.121593217,0.0
-835.0,-692.820323028,0.0
-60.0,562.91651246,0.0
-735.0,-433.012701892,0.0
-610.0,649.519052838,0.0
690.0,389.711431703,0.0
-310.0,-822.724133595,0.0
540.0,736.121593217,0.0
-285.0,86.6025403784,0.0
-885.0,86.6025403784,0.0
-885.0,173.205080757,0.0
-460.0,-822.724133595,0.0
240.0,-389.711431703,0.0
590.0,562.91651246,0.0
-660.0,-649.519052838,0.0
440.0,-562.91651246,0.0
390.0,-562.91651246,0.0
-160.0,909.326673974,0.0
-610.0,-562.91651246,0.0
990.0,43.3012701892,0.0
390.0,129.903810568,0.0
740.0,-476.313972081,0.0
-960.0,-43.3012701892,0.0
-285.0,-692.820323028,0.0
-660.0,-43.3012701892,0.0
465.0,346.410161514,0.0
890.0,-995.929214352,0.0
15.0,-433.012701892,0.0
-435.0,-433.012701892,0.0
-810.0,-389.711431703,0.0
15.0,-606.217782649,0.0
890.0,476.313972081,0.0
690.0,-909.326673974,0.0
390.0,389.711431703,0.0
140.0,649.519052838,0.0
140.0,-389.711431703,0.0
65.0,-173.205080757,0.0
-610.0,562.91651246,0.0
-85.0,692.820323028,0.0
-810.0,-995.929214352,0.0
690.0,-216.506350946,0.0
315.0,346.410161514,0.0
90.0,-129.903810568,0.0
765.0,-519.615242271,0.0
-510.0,-129.903810568,0.0
540.0,43.3012701892,0.0
-160.0,-476.313972081,0.0
615.0,-259.807621135,0.0
240.0,-43.3012701892,0.0
-60.0,43.3012701892,0.0
90.0,-389.711431703,0.0
-660.0,822.724133595,0.0
-660.0,909.326673974,0.0
-210.0,389.711431703,0.0
-310.0,-909.326673974,0.0
140.0,-129.903810568,0.0
-685.0,173.205080757,0.0
-985.0,346.410161514,0.0
-810.0,-476.313972081,0.0
-760.0,-649.519052838,0.0
290.0,-736.121593217,0.0
-135.0,-606.217782649,0.0
-360.0,43.3012701892,0.0
-885.0,866.025403784,0.0
-910.0,-649.519052838,0.0
-235.0,-86.6025403784,0.0
-760.0,129.903810568,0.0
540.0,-389.711431703,0.0
-460.0,-649.519052838,0.0
-460.0,43.3012701892,0.0
815.0,433.012701892,0.0
840.0,43.3012701892,0.0
590.0,-43.3012701892,0.0
-85.0,-433.012701892,0.0
-310.0,-303.108891325,0.0
215.0,259.807621135,0.0
365.0,173.205080757,0.0
615.0,-173.205080757,0.0
140.0,476.313972081,0.0
-210.0,736.121593217,0.0
-210.0,43.3012701892,0.0
140.0,129.903810568,0.0
-585.0,866.025403784,0.0
-460.0,129.903810568,0.0
-210.0,-389.711431703,0.0
590.0,129.903810568,0.0
